12;parce que les là les trucs qui pendent.;pluriels_phrase_nombre_pluriels_sentence;parties_du_discours_phrase_proportion_SCONJ_sentence;connecteurs_organisateurs_phrase_nombre_explicatifs_et_justificatifs_sentence;connecteurs_organisateurs_phrase_proportion_explicatifs_et_justificatifs_sentence;connecteurs_organisateurs_phrase_nombre_connecteurs_temporels_sentence;connecteurs_organisateurs_phrase_proportion_connecteurs_temporels_sentence;adverbiaux_temporels_phrase_nombre_adverbiaux_temporels_sentence;adverbiaux_temporels_phrase_proportion_adverbiaux_temporels_sentence;pluriels_phrase_proportion_pluriels_sentence;pronoms_phrase_proportion_pronoms_personnels_pluriels_sentence;flexions_verbales_phrase_proportion_flexions_pluriel_sentence;pronoms_phrase_repartition_pronoms_personnels_pluriels_sentence
12;dans la chambre tu as euh tu pourras installer ça? dans la chambre de bébé.;connecteurs_organisateurs_phrase_nombre_explicatifs_et_justificatifs_sentence;connecteurs_organisateurs_phrase_proportion_explicatifs_et_justificatifs_sentence;connecteurs_organisateurs_phrase_nombre_connecteurs_temporels_sentence;connecteurs_organisateurs_phrase_proportion_connecteurs_temporels_sentence;dependances_syntaxiques_phrase_nombre_moyen_dependances_sentence;graphie_phrase_variance_longueur_mots_sentence;adverbiaux_temporels_phrase_nombre_adverbiaux_temporels_sentence;adverbiaux_temporels_phrase_proportion_adverbiaux_temporels_sentence;pronoms_phrase_proportion_pronoms_personnels_pluriels_sentence;structures_syntaxiques_phrase_nombre_subordonnees_completives_sentence;structures_syntaxiques_phrase_proportion_subordonnees_completives_sentence;pronoms_phrase_repartition_pronoms_personnels_pluriels_sentence
12;on va plutôt échanger avec ce lit parce que ça ça fait plutôt bébé.;parties_du_discours_phrase_proportion_SCONJ_sentence;connecteurs_organisateurs_phrase_nombre_explicatifs_et_justificatifs_sentence;connecteurs_organisateurs_phrase_proportion_explicatifs_et_justificatifs_sentence;connecteurs_organisateurs_phrase_nombre_connecteurs_temporels_sentence;connecteurs_organisateurs_phrase_proportion_connecteurs_temporels_sentence;dependances_syntaxiques_phrase_nombre_moyen_dependances_sentence;adverbiaux_temporels_phrase_nombre_adverbiaux_temporels_sentence;adverbiaux_temporels_phrase_proportion_adverbiaux_temporels_sentence;pronoms_phrase_proportion_pronoms_personnels_pluriels_sentence;structures_syntaxiques_phrase_nombre_subordonnees_completives_sentence;structures_syntaxiques_phrase_proportion_subordonnees_completives_sentence;pronoms_phrase_repartition_pronoms_personnels_pluriels_sentence
12;est que c-. attends j'ai oublié un truc.;parties_du_discours_phrase_proportion_SCONJ_sentence;connecteurs_organisateurs_phrase_nombre_explicatifs_et_justificatifs_sentence;connecteurs_organisateurs_phrase_proportion_explicatifs_et_justificatifs_sentence;connecteurs_organisateurs_phrase_nombre_connecteurs_temporels_sentence;connecteurs_organisateurs_phrase_proportion_connecteurs_temporels_sentence;dependances_syntaxiques_phrase_point_distance_moyenne_sentence;adverbiaux_temporels_phrase_nombre_adverbiaux_temporels_sentence;adverbiaux_temporels_phrase_proportion_adverbiaux_temporels_sentence;pronoms_phrase_proportion_pronoms_personnels_pluriels_sentence;structures_syntaxiques_phrase_nombre_subordonnees_completives_sentence;structures_syntaxiques_phrase_proportion_subordonnees_completives_sentence;pronoms_phrase_repartition_pronoms_personnels_pluriels_sentence
12;ouais avec les deux tasses.;pluriels_phrase_nombre_pluriels_sentence;connecteurs_organisateurs_phrase_nombre_explicatifs_et_justificatifs_sentence;connecteurs_organisateurs_phrase_proportion_explicatifs_et_justificatifs_sentence;connecteurs_organisateurs_phrase_nombre_connecteurs_temporels_sentence;connecteurs_organisateurs_phrase_proportion_connecteurs_temporels_sentence;parties_du_discours_phrase_proportion_INTJ_sentence;dependances_syntaxiques_phrase_point_distance_moyenne_sentence;adverbiaux_temporels_phrase_nombre_adverbiaux_temporels_sentence;adverbiaux_temporels_phrase_proportion_adverbiaux_temporels_sentence;pluriels_phrase_proportion_pluriels_sentence;pronoms_phrase_proportion_pronoms_personnels_pluriels_sentence;pronoms_phrase_repartition_pronoms_personnels_pluriels_sentence
14;tout le monde mange là. et les tables de nuit tu les mets à côté des lits?;pluriels_phrase_nombre_pluriels_sentence;connecteurs_organisateurs_phrase_nombre_explicatifs_et_justificatifs_sentence;connecteurs_organisateurs_phrase_proportion_explicatifs_et_justificatifs_sentence;pronoms_phrase_nombre_pronoms_indefinis_sentence;connecteurs_organisateurs_phrase_nombre_connecteurs_temporels_sentence;connecteurs_organisateurs_phrase_proportion_connecteurs_temporels_sentence;graphie_phrase_variance_longueur_mots_sentence;adverbiaux_temporels_phrase_nombre_adverbiaux_temporels_sentence;adverbiaux_temporels_phrase_proportion_adverbiaux_temporels_sentence;pluriels_phrase_proportion_pluriels_sentence;pronoms_phrase_proportion_pronoms_personnels_pluriels_sentence;emotions_phrase_score_de_subjectitvite_sentence;flexions_verbales_phrase_proportion_flexions_pluriel_sentence;pronoms_phrase_repartition_pronoms_personnels_pluriels_sentence
13;les bébés y vont pas être dans la poussette.;pluriels_phrase_nombre_pluriels_sentence;connecteurs_organisateurs_phrase_nombre_explicatifs_et_justificatifs_sentence;connecteurs_organisateurs_phrase_proportion_explicatifs_et_justificatifs_sentence;connecteurs_organisateurs_phrase_nombre_connecteurs_temporels_sentence;connecteurs_organisateurs_phrase_proportion_connecteurs_temporels_sentence;adverbiaux_temporels_phrase_nombre_adverbiaux_temporels_sentence;adverbiaux_temporels_phrase_proportion_adverbiaux_temporels_sentence;pluriels_phrase_proportion_pluriels_sentence;pronoms_phrase_proportion_pronoms_personnels_pluriels_sentence;structures_syntaxiques_phrase_nombre_subordonnees_completives_sentence;structures_syntaxiques_phrase_proportion_subordonnees_completives_sentence;flexions_verbales_phrase_proportion_flexions_pluriel_sentence;pronoms_phrase_repartition_pronoms_personnels_pluriels_sentence
13;ouais c'est une pou- c'est ça c'est la poussette que je voulais avoir.;connecteurs_organisateurs_phrase_nombre_explicatifs_et_justificatifs_sentence;connecteurs_organisateurs_phrase_proportion_explicatifs_et_justificatifs_sentence;pronoms_phrase_nombre_pronoms_indefinis_sentence;connecteurs_organisateurs_phrase_nombre_connecteurs_temporels_sentence;connecteurs_organisateurs_phrase_proportion_connecteurs_temporels_sentence;dependances_syntaxiques_phrase_nombre_moyen_dependances_sentence;graphie_phrase_variance_longueur_mots_sentence;adverbiaux_temporels_phrase_nombre_adverbiaux_temporels_sentence;adverbiaux_temporels_phrase_proportion_adverbiaux_temporels_sentence;pronoms_phrase_proportion_pronoms_personnels_pluriels_sentence;structures_syntaxiques_phrase_nombre_subordonnees_completives_sentence;structures_syntaxiques_phrase_proportion_subordonnees_completives_sentence;pronoms_phrase_repartition_pronoms_personnels_pluriels_sentence
13;oui s'il te plaît.;parties_du_discours_phrase_proportion_SCONJ_sentence;connecteurs_organisateurs_phrase_nombre_explicatifs_et_justificatifs_sentence;connecteurs_organisateurs_phrase_proportion_explicatifs_et_justificatifs_sentence;connecteurs_organisateurs_phrase_nombre_connecteurs_temporels_sentence;connecteurs_organisateurs_phrase_proportion_connecteurs_temporels_sentence;parties_du_discours_phrase_proportion_INTJ_sentence;dependances_syntaxiques_phrase_point_distance_moyenne_sentence;adverbiaux_temporels_phrase_nombre_adverbiaux_temporels_sentence;adverbiaux_temporels_phrase_proportion_adverbiaux_temporels_sentence;pronoms_phrase_proportion_pronoms_personnels_pluriels_sentence;structures_syntaxiques_phrase_nombre_subordonnees_completives_sentence;structures_syntaxiques_phrase_proportion_subordonnees_completives_sentence;pronoms_phrase_repartition_pronoms_personnels_pluriels_sentence
13;les fleurs? tu peux les mettre sur la table de nuit des hein une table de nuit?;pluriels_phrase_nombre_pluriels_sentence;connecteurs_organisateurs_phrase_nombre_explicatifs_et_justificatifs_sentence;connecteurs_organisateurs_phrase_proportion_explicatifs_et_justificatifs_sentence;pronoms_phrase_nombre_pronoms_indefinis_sentence;connecteurs_organisateurs_phrase_nombre_connecteurs_temporels_sentence;connecteurs_organisateurs_phrase_proportion_connecteurs_temporels_sentence;graphie_phrase_variance_longueur_mots_sentence;adverbiaux_temporels_phrase_nombre_adverbiaux_temporels_sentence;adverbiaux_temporels_phrase_proportion_adverbiaux_temporels_sentence;pronoms_phrase_proportion_pronoms_personnels_pluriels_sentence;structures_syntaxiques_phrase_nombre_subordonnees_completives_sentence;structures_syntaxiques_phrase_proportion_subordonnees_completives_sentence;pronoms_phrase_repartition_pronoms_personnels_pluriels_sentence
14;le cartable on va le mettre là. xxx mais y en a pas dans ma famille qui ont perdu des cheveux.;pluriels_phrase_nombre_pluriels_sentence;connecteurs_organisateurs_phrase_nombre_explicatifs_et_justificatifs_sentence;connecteurs_organisateurs_phrase_proportion_explicatifs_et_justificatifs_sentence;pronoms_phrase_nombre_pronoms_indefinis_sentence;connecteurs_organisateurs_phrase_nombre_connecteurs_temporels_sentence;connecteurs_organisateurs_phrase_proportion_connecteurs_temporels_sentence;dependances_syntaxiques_phrase_nombre_moyen_dependances_sentence;graphie_phrase_variance_longueur_mots_sentence;adverbiaux_temporels_phrase_nombre_adverbiaux_temporels_sentence;adverbiaux_temporels_phrase_proportion_adverbiaux_temporels_sentence;pronoms_phrase_proportion_pronoms_personnels_pluriels_sentence;structures_syntaxiques_phrase_nombre_subordonnees_completives_sentence;structures_syntaxiques_phrase_proportion_subordonnees_completives_sentence;pronoms_phrase_repartition_pronoms_personnels_pluriels_sentence
12;tous les chats dans un panier comme c'est que des chats.;pluriels_phrase_nombre_pluriels_sentence;parties_du_discours_phrase_proportion_SCONJ_sentence;connecteurs_organisateurs_phrase_nombre_explicatifs_et_justificatifs_sentence;connecteurs_organisateurs_phrase_proportion_explicatifs_et_justificatifs_sentence;connecteurs_organisateurs_phrase_nombre_connecteurs_temporels_sentence;connecteurs_organisateurs_phrase_proportion_connecteurs_temporels_sentence;adverbiaux_temporels_phrase_nombre_adverbiaux_temporels_sentence;adverbiaux_temporels_phrase_proportion_adverbiaux_temporels_sentence;pluriels_phrase_proportion_pluriels_sentence;pronoms_phrase_proportion_pronoms_personnels_pluriels_sentence;emotions_phrase_score_de_subjectitvite_sentence;pronoms_phrase_repartition_pronoms_personnels_pluriels_sentence
14;tu veux installer le papa tout au fond parce que c'est un peu dur.;parties_du_discours_phrase_proportion_SCONJ_sentence;connecteurs_organisateurs_phrase_nombre_explicatifs_et_justificatifs_sentence;connecteurs_organisateurs_phrase_proportion_explicatifs_et_justificatifs_sentence;pronoms_phrase_nombre_pronoms_indefinis_sentence;connecteurs_organisateurs_phrase_nombre_connecteurs_temporels_sentence;connecteurs_organisateurs_phrase_proportion_connecteurs_temporels_sentence;graphie_phrase_variance_longueur_mots_sentence;dependances_syntaxiques_phrase_point_distance_moyenne_sentence;adverbiaux_temporels_phrase_nombre_adverbiaux_temporels_sentence;adverbiaux_temporels_phrase_proportion_adverbiaux_temporels_sentence;pronoms_phrase_proportion_pronoms_personnels_pluriels_sentence;structures_syntaxiques_phrase_nombre_subordonnees_completives_sentence;structures_syntaxiques_phrase_proportion_subordonnees_completives_sentence;pronoms_phrase_repartition_pronoms_personnels_pluriels_sentence
13;xxx comme ça y aura un dans le lit là et un dans le lit là.;parties_du_discours_phrase_proportion_SCONJ_sentence;connecteurs_organisateurs_phrase_nombre_explicatifs_et_justificatifs_sentence;connecteurs_organisateurs_phrase_proportion_explicatifs_et_justificatifs_sentence;pronoms_phrase_nombre_pronoms_indefinis_sentence;connecteurs_organisateurs_phrase_nombre_connecteurs_temporels_sentence;connecteurs_organisateurs_phrase_proportion_connecteurs_temporels_sentence;dependances_syntaxiques_phrase_nombre_moyen_dependances_sentence;graphie_phrase_variance_longueur_mots_sentence;dependances_syntaxiques_phrase_point_distance_moyenne_sentence;adverbiaux_temporels_phrase_nombre_adverbiaux_temporels_sentence;adverbiaux_temporels_phrase_proportion_adverbiaux_temporels_sentence;pronoms_phrase_proportion_pronoms_personnels_pluriels_sentence;pronoms_phrase_repartition_pronoms_personnels_pluriels_sentence
12;sont accrochés? t'en choisis un maman.;pluriels_phrase_nombre_pluriels_sentence;connecteurs_organisateurs_phrase_nombre_explicatifs_et_justificatifs_sentence;connecteurs_organisateurs_phrase_proportion_explicatifs_et_justificatifs_sentence;pronoms_phrase_nombre_pronoms_indefinis_sentence;connecteurs_organisateurs_phrase_nombre_connecteurs_temporels_sentence;connecteurs_organisateurs_phrase_proportion_connecteurs_temporels_sentence;adverbiaux_temporels_phrase_nombre_adverbiaux_temporels_sentence;adverbiaux_temporels_phrase_proportion_adverbiaux_temporels_sentence;pluriels_phrase_proportion_pluriels_sentence;pronoms_phrase_proportion_pronoms_personnels_pluriels_sentence;flexions_verbales_phrase_proportion_flexions_pluriel_sentence;pronoms_phrase_repartition_pronoms_personnels_pluriels_sentence
12;en fait elle elle est en colo. va te mettre dans le lit de la de ma soeur.;connecteurs_organisateurs_phrase_nombre_explicatifs_et_justificatifs_sentence;connecteurs_organisateurs_phrase_proportion_explicatifs_et_justificatifs_sentence;connecteurs_organisateurs_phrase_nombre_connecteurs_temporels_sentence;connecteurs_organisateurs_phrase_proportion_connecteurs_temporels_sentence;dependances_syntaxiques_phrase_nombre_moyen_dependances_sentence;graphie_phrase_variance_longueur_mots_sentence;adverbiaux_temporels_phrase_nombre_adverbiaux_temporels_sentence;adverbiaux_temporels_phrase_proportion_adverbiaux_temporels_sentence;pronoms_phrase_proportion_pronoms_personnels_pluriels_sentence;structures_syntaxiques_phrase_nombre_subordonnees_completives_sentence;structures_syntaxiques_phrase_proportion_subordonnees_completives_sentence;pronoms_phrase_repartition_pronoms_personnels_pluriels_sentence
12;xxx d- c'est dans le sac à main que y a à manger pour les chats.;connecteurs_organisateurs_phrase_nombre_explicatifs_et_justificatifs_sentence;connecteurs_organisateurs_phrase_proportion_explicatifs_et_justificatifs_sentence;connecteurs_organisateurs_phrase_nombre_connecteurs_temporels_sentence;connecteurs_organisateurs_phrase_proportion_connecteurs_temporels_sentence;dependances_syntaxiques_phrase_nombre_moyen_dependances_sentence;graphie_phrase_variance_longueur_mots_sentence;adverbiaux_temporels_phrase_nombre_adverbiaux_temporels_sentence;adverbiaux_temporels_phrase_proportion_adverbiaux_temporels_sentence;pronoms_phrase_proportion_pronoms_personnels_pluriels_sentence;structures_syntaxiques_phrase_nombre_subordonnees_completives_sentence;structures_syntaxiques_phrase_proportion_subordonnees_completives_sentence;pronoms_phrase_repartition_pronoms_personnels_pluriels_sentence
14;comme ça ils ont pas chaud ou froid parce qu'ils ont pas de couverture.;pluriels_phrase_nombre_pluriels_sentence;parties_du_discours_phrase_proportion_SCONJ_sentence;connecteurs_organisateurs_phrase_nombre_explicatifs_et_justificatifs_sentence;connecteurs_organisateurs_phrase_proportion_explicatifs_et_justificatifs_sentence;pronoms_phrase_nombre_pronoms_indefinis_sentence;connecteurs_organisateurs_phrase_nombre_connecteurs_temporels_sentence;connecteurs_organisateurs_phrase_proportion_connecteurs_temporels_sentence;dependances_syntaxiques_phrase_nombre_moyen_dependances_sentence;graphie_phrase_variance_longueur_mots_sentence;adverbiaux_temporels_phrase_nombre_adverbiaux_temporels_sentence;adverbiaux_temporels_phrase_proportion_adverbiaux_temporels_sentence;pronoms_phrase_proportion_pronoms_personnels_pluriels_sentence;flexions_verbales_phrase_proportion_flexions_pluriel_sentence;pronoms_phrase_repartition_pronoms_personnels_pluriels_sentence
13;c'était qui que tu demandais c'était qui? et elle? on va dire Lune.;parties_du_discours_phrase_proportion_SCONJ_sentence;connecteurs_organisateurs_phrase_nombre_explicatifs_et_justificatifs_sentence;connecteurs_organisateurs_phrase_proportion_explicatifs_et_justificatifs_sentence;pronoms_phrase_nombre_pronoms_indefinis_sentence;connecteurs_organisateurs_phrase_nombre_connecteurs_temporels_sentence;connecteurs_organisateurs_phrase_proportion_connecteurs_temporels_sentence;graphie_phrase_variance_longueur_mots_sentence;adverbiaux_temporels_phrase_nombre_adverbiaux_temporels_sentence;adverbiaux_temporels_phrase_proportion_adverbiaux_temporels_sentence;pronoms_phrase_proportion_pronoms_personnels_pluriels_sentence;structures_syntaxiques_phrase_nombre_subordonnees_completives_sentence;structures_syntaxiques_phrase_proportion_subordonnees_completives_sentence;pronoms_phrase_repartition_pronoms_personnels_pluriels_sentence
15;après mon chéri je j'irai balader les b- les euh bébés et après j'emmène chez la nounou.;pluriels_phrase_nombre_pluriels_sentence;connecteurs_organisateurs_phrase_nombre_explicatifs_et_justificatifs_sentence;connecteurs_organisateurs_phrase_proportion_explicatifs_et_justificatifs_sentence;pronoms_phrase_nombre_pronoms_indefinis_sentence;connecteurs_organisateurs_phrase_nombre_connecteurs_temporels_sentence;connecteurs_organisateurs_phrase_proportion_connecteurs_temporels_sentence;dependances_syntaxiques_phrase_nombre_moyen_dependances_sentence;graphie_phrase_variance_longueur_mots_sentence;adverbiaux_temporels_phrase_nombre_adverbiaux_temporels_sentence;adverbiaux_temporels_phrase_proportion_adverbiaux_temporels_sentence;pronoms_phrase_proportion_pronoms_personnels_pluriels_sentence;structures_syntaxiques_phrase_nombre_subordonnees_completives_sentence;structures_syntaxiques_phrase_proportion_subordonnees_completives_sentence;emotions_phrase_score_de_subjectitvite_sentence;pronoms_phrase_repartition_pronoms_personnels_pluriels_sentence
12;ouais ils se demandent bein pourquoi j'avance et peut être que xxx un joggeur.;parties_du_discours_phrase_proportion_SCONJ_sentence;connecteurs_organisateurs_phrase_nombre_explicatifs_et_justificatifs_sentence;connecteurs_organisateurs_phrase_proportion_explicatifs_et_justificatifs_sentence;pronoms_phrase_nombre_pronoms_indefinis_sentence;connecteurs_organisateurs_phrase_nombre_connecteurs_temporels_sentence;connecteurs_organisateurs_phrase_proportion_connecteurs_temporels_sentence;dependances_syntaxiques_phrase_nombre_moyen_dependances_sentence;graphie_phrase_variance_longueur_mots_sentence;adverbiaux_temporels_phrase_nombre_adverbiaux_temporels_sentence;adverbiaux_temporels_phrase_proportion_adverbiaux_temporels_sentence;pronoms_phrase_proportion_pronoms_personnels_pluriels_sentence;pronoms_phrase_repartition_pronoms_personnels_pluriels_sentence
12;ils étaient ils faisaient quoi comme travail?;pluriels_phrase_nombre_pluriels_sentence;connecteurs_organisateurs_phrase_nombre_explicatifs_et_justificatifs_sentence;connecteurs_organisateurs_phrase_proportion_explicatifs_et_justificatifs_sentence;connecteurs_organisateurs_phrase_nombre_connecteurs_temporels_sentence;connecteurs_organisateurs_phrase_proportion_connecteurs_temporels_sentence;dependances_syntaxiques_phrase_nombre_moyen_dependances_sentence;adverbiaux_temporels_phrase_nombre_adverbiaux_temporels_sentence;adverbiaux_temporels_phrase_proportion_adverbiaux_temporels_sentence;pluriels_phrase_proportion_pluriels_sentence;pronoms_phrase_proportion_pronoms_personnels_pluriels_sentence;flexions_verbales_phrase_proportion_flexions_pluriel_sentence;pronoms_phrase_repartition_pronoms_personnels_pluriels_sentence
12;je vais t'en faire un. du sucre? on a plus de sucre.;connecteurs_organisateurs_phrase_nombre_explicatifs_et_justificatifs_sentence;connecteurs_organisateurs_phrase_proportion_explicatifs_et_justificatifs_sentence;pronoms_phrase_nombre_pronoms_indefinis_sentence;connecteurs_organisateurs_phrase_nombre_connecteurs_temporels_sentence;connecteurs_organisateurs_phrase_proportion_connecteurs_temporels_sentence;graphie_phrase_variance_longueur_mots_sentence;adverbiaux_temporels_phrase_nombre_adverbiaux_temporels_sentence;adverbiaux_temporels_phrase_proportion_adverbiaux_temporels_sentence;pronoms_phrase_proportion_pronoms_personnels_pluriels_sentence;structures_syntaxiques_phrase_nombre_subordonnees_completives_sentence;structures_syntaxiques_phrase_proportion_subordonnees_completives_sentence;pronoms_phrase_repartition_pronoms_personnels_pluriels_sentence
13;je vais aller racheter du sucre su- je vais aller rajouter sur la liste de courses.;connecteurs_organisateurs_phrase_nombre_explicatifs_et_justificatifs_sentence;connecteurs_organisateurs_phrase_proportion_explicatifs_et_justificatifs_sentence;connecteurs_organisateurs_phrase_nombre_connecteurs_temporels_sentence;connecteurs_organisateurs_phrase_proportion_connecteurs_temporels_sentence;dependances_syntaxiques_phrase_nombre_moyen_dependances_sentence;graphie_phrase_variance_longueur_mots_sentence;dependances_syntaxiques_phrase_point_distance_moyenne_sentence;adverbiaux_temporels_phrase_nombre_adverbiaux_temporels_sentence;adverbiaux_temporels_phrase_proportion_adverbiaux_temporels_sentence;pronoms_phrase_proportion_pronoms_personnels_pluriels_sentence;structures_syntaxiques_phrase_nombre_subordonnees_completives_sentence;structures_syntaxiques_phrase_proportion_subordonnees_completives_sentence;pronoms_phrase_repartition_pronoms_personnels_pluriels_sentence
14;et ils savaient pas que c'était elle parce que en fait euh ils avaient une porte mais.;pluriels_phrase_nombre_pluriels_sentence;parties_du_discours_phrase_proportion_SCONJ_sentence;connecteurs_organisateurs_phrase_nombre_explicatifs_et_justificatifs_sentence;connecteurs_organisateurs_phrase_proportion_explicatifs_et_justificatifs_sentence;pronoms_phrase_nombre_pronoms_indefinis_sentence;connecteurs_organisateurs_phrase_nombre_connecteurs_temporels_sentence;connecteurs_organisateurs_phrase_proportion_connecteurs_temporels_sentence;dependances_syntaxiques_phrase_nombre_moyen_dependances_sentence;graphie_phrase_variance_longueur_mots_sentence;adverbiaux_temporels_phrase_nombre_adverbiaux_temporels_sentence;adverbiaux_temporels_phrase_proportion_adverbiaux_temporels_sentence;pronoms_phrase_proportion_pronoms_personnels_pluriels_sentence;flexions_verbales_phrase_proportion_flexions_pluriel_sentence;pronoms_phrase_repartition_pronoms_personnels_pluriels_sentence
14;bah vas te brosser les dents ta nouvelle brosse à dents dans la salle de bain.;pluriels_phrase_nombre_pluriels_sentence;connecteurs_organisateurs_phrase_nombre_explicatifs_et_justificatifs_sentence;connecteurs_organisateurs_phrase_proportion_explicatifs_et_justificatifs_sentence;connecteurs_organisateurs_phrase_nombre_connecteurs_temporels_sentence;connecteurs_organisateurs_phrase_proportion_connecteurs_temporels_sentence;dependances_syntaxiques_phrase_nombre_moyen_dependances_sentence;graphie_phrase_variance_longueur_mots_sentence;adverbiaux_temporels_phrase_nombre_adverbiaux_temporels_sentence;adverbiaux_temporels_phrase_proportion_adverbiaux_temporels_sentence;pronoms_phrase_proportion_pronoms_personnels_pluriels_sentence;structures_syntaxiques_phrase_nombre_subordonnees_completives_sentence;structures_syntaxiques_phrase_proportion_subordonnees_completives_sentence;emotions_phrase_score_de_subjectitvite_sentence;pronoms_phrase_repartition_pronoms_personnels_pluriels_sentence
12;bon c'est. oui on je vais chercher! à manger! à cora. des pâtes.;connecteurs_organisateurs_phrase_nombre_explicatifs_et_justificatifs_sentence;connecteurs_organisateurs_phrase_proportion_explicatifs_et_justificatifs_sentence;pronoms_phrase_nombre_pronoms_indefinis_sentence;connecteurs_organisateurs_phrase_nombre_connecteurs_temporels_sentence;connecteurs_organisateurs_phrase_proportion_connecteurs_temporels_sentence;adverbiaux_temporels_phrase_nombre_adverbiaux_temporels_sentence;adverbiaux_temporels_phrase_proportion_adverbiaux_temporels_sentence;pronoms_phrase_proportion_pronoms_personnels_pluriels_sentence;structures_syntaxiques_phrase_nombre_subordonnees_completives_sentence;structures_syntaxiques_phrase_proportion_subordonnees_completives_sentence;emotions_phrase_score_de_subjectitvite_sentence;pronoms_phrase_repartition_pronoms_personnels_pluriels_sentence
13;Elie elle était elle a essayé de chercher en voiture la route pour aller à la ferme.;connecteurs_organisateurs_phrase_nombre_explicatifs_et_justificatifs_sentence;connecteurs_organisateurs_phrase_proportion_explicatifs_et_justificatifs_sentence;connecteurs_organisateurs_phrase_nombre_connecteurs_temporels_sentence;connecteurs_organisateurs_phrase_proportion_connecteurs_temporels_sentence;dependances_syntaxiques_phrase_nombre_moyen_dependances_sentence;graphie_phrase_variance_longueur_mots_sentence;adverbiaux_temporels_phrase_nombre_adverbiaux_temporels_sentence;adverbiaux_temporels_phrase_proportion_adverbiaux_temporels_sentence;pronoms_phrase_proportion_pronoms_personnels_pluriels_sentence;structures_syntaxiques_phrase_nombre_subordonnees_completives_sentence;structures_syntaxiques_phrase_proportion_subordonnees_completives_sentence;emotions_phrase_score_de_subjectitvite_sentence;pronoms_phrase_repartition_pronoms_personnels_pluriels_sentence
15;et et tout le monde est arrivé juste quand au moment où on allait plus sortir on allait rentrer dans le bus.;connecteurs_organisateurs_phrase_nombre_explicatifs_et_justificatifs_sentence;connecteurs_organisateurs_phrase_proportion_explicatifs_et_justificatifs_sentence;pronoms_phrase_nombre_pronoms_indefinis_sentence;connecteurs_organisateurs_phrase_nombre_connecteurs_temporels_sentence;connecteurs_organisateurs_phrase_proportion_connecteurs_temporels_sentence;dependances_syntaxiques_phrase_nombre_moyen_dependances_sentence;graphie_phrase_variance_longueur_mots_sentence;dependances_syntaxiques_phrase_point_distance_moyenne_sentence;adverbiaux_temporels_phrase_nombre_adverbiaux_temporels_sentence;adverbiaux_temporels_phrase_proportion_adverbiaux_temporels_sentence;pronoms_phrase_proportion_pronoms_personnels_pluriels_sentence;structures_syntaxiques_phrase_nombre_subordonnees_completives_sentence;structures_syntaxiques_phrase_proportion_subordonnees_completives_sentence;emotions_phrase_score_de_subjectitvite_sentence;pronoms_phrase_repartition_pronoms_personnels_pluriels_sentence
14;mais le problème c'est que pour euh aller à la maison il y avait une énorme côte haute comme ça à grimper penchée comme ça.;connecteurs_organisateurs_phrase_nombre_explicatifs_et_justificatifs_sentence;connecteurs_organisateurs_phrase_proportion_explicatifs_et_justificatifs_sentence;pronoms_phrase_nombre_pronoms_indefinis_sentence;connecteurs_organisateurs_phrase_nombre_connecteurs_temporels_sentence;connecteurs_organisateurs_phrase_proportion_connecteurs_temporels_sentence;dependances_syntaxiques_phrase_nombre_moyen_dependances_sentence;graphie_phrase_variance_longueur_mots_sentence;adverbiaux_temporels_phrase_nombre_adverbiaux_temporels_sentence;adverbiaux_temporels_phrase_proportion_adverbiaux_temporels_sentence;pronoms_phrase_proportion_pronoms_personnels_pluriels_sentence;structures_syntaxiques_phrase_nombre_subordonnees_completives_sentence;structures_syntaxiques_phrase_proportion_subordonnees_completives_sentence;emotions_phrase_score_de_subjectitvite_sentence;pronoms_phrase_repartition_pronoms_personnels_pluriels_sentence
13;elle m'a dit la pochaine fois qu'on on demande un mobil home pas tout en haut d'une pente non plus.;connecteurs_organisateurs_phrase_nombre_explicatifs_et_justificatifs_sentence;connecteurs_organisateurs_phrase_proportion_explicatifs_et_justificatifs_sentence;pronoms_phrase_nombre_pronoms_indefinis_sentence;connecteurs_organisateurs_phrase_nombre_connecteurs_temporels_sentence;connecteurs_organisateurs_phrase_proportion_connecteurs_temporels_sentence;dependances_syntaxiques_phrase_nombre_moyen_dependances_sentence;graphie_phrase_variance_longueur_mots_sentence;adverbiaux_temporels_phrase_nombre_adverbiaux_temporels_sentence;adverbiaux_temporels_phrase_proportion_adverbiaux_temporels_sentence;pronoms_phrase_proportion_pronoms_personnels_pluriels_sentence;structures_syntaxiques_phrase_nombre_subordonnees_completives_sentence;structures_syntaxiques_phrase_proportion_subordonnees_completives_sentence;pronoms_phrase_repartition_pronoms_personnels_pluriels_sentence
13;j'ai un deuxième meilleur souvenir meilleur meilleur meilleur! et on allait aussi tous les jours à la plage.;pluriels_phrase_nombre_pluriels_sentence;connecteurs_organisateurs_phrase_nombre_explicatifs_et_justificatifs_sentence;connecteurs_organisateurs_phrase_proportion_explicatifs_et_justificatifs_sentence;pronoms_phrase_nombre_pronoms_indefinis_sentence;connecteurs_organisateurs_phrase_nombre_connecteurs_temporels_sentence;connecteurs_organisateurs_phrase_proportion_connecteurs_temporels_sentence;dependances_syntaxiques_phrase_nombre_moyen_dependances_sentence;graphie_phrase_variance_longueur_mots_sentence;adverbiaux_temporels_phrase_nombre_adverbiaux_temporels_sentence;adverbiaux_temporels_phrase_proportion_adverbiaux_temporels_sentence;pronoms_phrase_proportion_pronoms_personnels_pluriels_sentence;emotions_phrase_score_de_subjectitvite_sentence;pronoms_phrase_repartition_pronoms_personnels_pluriels_sentence
14;mais pas tout le temps à la plage parce qu'on va y a aussi un lac où on peut se baigner.;parties_du_discours_phrase_proportion_SCONJ_sentence;connecteurs_organisateurs_phrase_nombre_explicatifs_et_justificatifs_sentence;connecteurs_organisateurs_phrase_proportion_explicatifs_et_justificatifs_sentence;pronoms_phrase_nombre_pronoms_indefinis_sentence;connecteurs_organisateurs_phrase_nombre_connecteurs_temporels_sentence;connecteurs_organisateurs_phrase_proportion_connecteurs_temporels_sentence;dependances_syntaxiques_phrase_nombre_moyen_dependances_sentence;graphie_phrase_variance_longueur_mots_sentence;adverbiaux_temporels_phrase_nombre_adverbiaux_temporels_sentence;adverbiaux_temporels_phrase_proportion_adverbiaux_temporels_sentence;pronoms_phrase_proportion_pronoms_personnels_pluriels_sentence;structures_syntaxiques_phrase_nombre_subordonnees_completives_sentence;structures_syntaxiques_phrase_proportion_subordonnees_completives_sentence;pronoms_phrase_repartition_pronoms_personnels_pluriels_sentence
