,sent_id,sentence,mean_sylables,mean_sentLen,pos_counts,pollysylables_count
0,0,"oui .
donc voilà une maison avec des personnages des animaux et d'autres objets .
donc j'aimerais que vous jouiez ensemble en iimaginant une histoire donc vous avez environs vingt minutes .",1.7619047619047619,10.666666666666666,"(13, 1)",4
1,1,vous vous inquiétez pas pour le temps .,1.4,8.0,"(7, 1)",1
2,2,"je vous avertiriai quelques minutes avant la fin .
voilà vous pouvez commencer !",1.7777777777777777,7.0,"(6, 1)",2
3,3,on va commencer à mettre les les pièces ouais ?,1.5,10.0,"(7, 1)",1
4,4,ça c'est quoi à ton avis ?,1.0,7.0,"(6, 1)",0
5,5,ah ça sera sur ce lit .,2.0,7.0,"(7, 1)",0
6,6,"Nnh@o .
nan xxx !",1.0,3.5,"(4, 1)",0
7,7,soit sur le grand lit ou là ?,1.0,8.0,"(7, 1)",0
8,8,"euh .
la table à langer .
ah là y a encore regarde .",1.75,4.666666666666667,"(8, 1)",0
9,9,si ça va avec .,1.0,5.0,"(5, 1)",0
10,10,ça c'est la couette comme ça le bonhomme il va là .,1.25,12.0,"(8, 1)",0
11,11,"c'est ici .
ensuite .
vas-y met .
un petit lit .",1.5,3.0,"(9, 1)",0
12,12,"Le bébé on va le mettre où ?
bah dans son berceau .",1.5,6.5,"(8, 1)",0
13,13,ici ?,,2.0,"(2, 1)",0
14,14,il est dans son berceau là .,1.5,7.0,"(7, 1)",0
15,15,"Eh bah on va mettre la table à langer là alors .
bébé où es-tu ?",1.5,8.0,"(8, 1)",0
16,16,ah nan y en a deux en plus !,1.0,9.0,"(7, 1)",0
17,17,"oh c'est chaud ça .
oups .",1.0,3.5,"(5, 1)",0
18,18,deux bébés euh un dodo .,1.6666666666666667,6.0,"(5, 1)",0
19,19,"tiens là il y a encore une couette pour un lit on met ça là comme ça ..?
encore un petit lit .",1.4285714285714286,12.0,"(8, 1)",0
20,20,encrore un lit !,2.0,4.0,"(4, 1)",0
21,21,y en a pleins des lits !,1.0,7.0,"(6, 1)",0
22,22,"c'est des jumelles là .
ah oui .",1.5,4.0,"(7, 1)",0
23,23,"Elles ont xxx .
alors on a un landau pour mettre un bébé ...
ah tiens regarde il y a la poussette pour mettre bébé .
ah oui .",1.4166666666666667,9.666666666666666,"(9, 1)",0
24,24,"là voilà xxx pour le lit .
xxx .
voilà .",1.6666666666666667,3.6666666666666665,"(6, 1)",0
25,25,on finit de mettre en place et puis après on commence ?,1.3333333333333333,12.0,"(7, 1)",0
26,26,samuel ?,2.0,2.0,"(2, 1)",0
27,27,"oui .
tiens là il y a encore un lit .",1.5,5.5,"(7, 1)",0
28,28,"le papa il ...
c'est le papa qui va promener ou la maman ?",2.0,14.0,"(7, 1)",1
29,29,tiens la maman elle a les cheveux long la maman .,1.5,11.0,"(6, 1)",0
30,30,"le papa .
bah déjà faut savoir que le truc il roule .",1.5,6.5,"(8, 1)",0
31,31,"bah ouais c'est une poussette .
tatadata ah pardon !",2.0,5.0,"(7, 1)",1
32,32,Viens on fait on continue de mettre tout et puis après on ira faire la promenade .,1.3333333333333333,17.0,"(8, 1)",1
33,33,"mais attend xxx oh c'est chiant .
han@o !",1.2,5.5,"(7, 1)",0
34,34,comment on met les bébés là dedans ?,2.0,8.0,"(7, 1)",0
35,35,"ouais comme ça .
comment ça se met ?",1.3333333333333333,4.5,"(6, 1)",0
36,36,allez il y en a un qui est en train de tomber .,1.6666666666666667,13.0,"(6, 1)",0
37,37,"là il y a encore une petite poussette pour la petite fille .
ah le landau on le met en haut le landau ?",1.6666666666666667,12.0,"(9, 1)",0
38,38,"oui .
on mettra les deux bébés dans le même landau .",1.5,6.0,"(9, 1)",0
39,39,"nan il y en a un qui va rentrer ...
bah ouais mais ...
alors on le met dans un lit du grand le deuxième .
oh cool !",1.25,14.5,"(10, 1)",0
40,40,Il doit être plus grand .,1.0,6.0,"(6, 1)",0
41,41,"il a de la chance //.
oh nan j'ai perdu le volant !",1.5,7.0,"(9, 1)",0
42,42,oh le bébé il a sursauté il a eu peur .,2.0,11.0,"(7, 1)",1
43,43,"voilà .
tiens là ça à mon avis c'est pour une poupée ou un nounours on va mettre le nounours dedans ?",1.5,11.0,"(10, 1)",0
44,44,tiens tu continues à mettre dans la maison ?,1.4,9.0,"(6, 1)",0
45,45,"mais nan han@o ...
là c'est une chaise haute .
wahoo@o //.
oh nan elle promène les chats !",1.2222222222222223,8.0,"(13, 1)",0
46,46,garde y a pleins de chats !,1.0,7.0,"(6, 1)",0
47,47,"on peut mettre les chats sinon .
y a pleins de chats .",1.1666666666666667,6.5,"(9, 1)",0
48,48,"tiens regarde j'ai mis j'ai mis commencé à mettre la salle à manger avec la chaise pour le bébé .
ah zut elle va pas pouvoir supporter tous les chats .
et ça ..?
^ ah ça c'est un sac .",1.4444444444444444,10.5,"(11, 1)",2
49,49,"^ et ça c'est quoi ça là ?
^ Une cheminée ?",1.6666666666666667,6.0,"(7, 1)",1
50,50,"Nan .
y a déjà une cheminée regarde .",2.3333333333333335,4.5,"(8, 1)",1
51,51,on va mettre ça ici pour faire la cuisine .,1.25,10.0,"(7, 1)",0
52,52,Une poubelle une poubelle !,2.0,5.0,"(3, 1)",0
53,53,c'est une poubelle ?,1.5,4.0,"(5, 1)",0
54,54,bon on va être bon //.,1.0,7.0,"(6, 1)",0
55,55,sinon ça peut aussipeut-être prêt pour la cuisine .,1.8333333333333333,9.0,"(9, 1)",1
56,56,ah nan c'est un four !,1.0,6.0,"(6, 1)",0
57,57,avec un four voilà .,1.3333333333333333,5.0,"(5, 1)",0
58,58,c'est un four regarde la plaque là haut où on met dedans le charbon .,1.4285714285714286,15.0,"(9, 1)",0
59,59,alors vas-y mets-le dans la cuisine comme ça je vais mettre la casserole ensuite .,1.5,15.0,"(8, 1)",1
60,60,tu mets la casserole toi ?,2.0,6.0,"(5, 1)",1
61,61,nan nan tu la mets dans la cheminée mets-le là !,1.75,11.0,"(8, 1)",1
62,62,allez hop .,2.0,3.0,"(3, 1)",0
63,63,Voilà .,2.0,2.0,"(2, 1)",0
64,64,ça prend forme .,1.0,4.0,"(4, 1)",0
65,65,ça c'est quoi ?,1.0,4.0,"(3, 1)",0
66,66,^ c'est pour la chaise haute ?,1.0,7.0,"(8, 1)",0
67,67,"allez un chacun ...
c'est un cartable .
ah d'accord !",1.8,5.5,"(8, 1)",0
68,68,t'es chiant Tito /.,1.3333333333333333,5.0,"(6, 1)",0
69,69,"c'est un cartable ...
à chaque fois tu gueules .",1.2,10.0,"(6, 1)",0
70,70,on va le mettre là sur le lit Ah nan ça ça va pas .,1.0,15.0,"(8, 1)",0
71,71,"il miaule il en a il quand il en a marre il miaule ...
tiens on va mettre sur le lit le cartable hop .
ah ça tient pas .",1.125,15.0,"(10, 1)",0
72,72,après c'est un peu énervant !,1.3333333333333333,6.0,"(6, 1)",0
73,73,"alors t'as mis le chat là-bas .
^ voilà .",1.4,5.0,"(7, 1)",0
74,74,mais nan c'est pas enervant .,1.3333333333333333,6.0,"(7, 1)",0
75,75,le petit nounours pour la petite euh fille qui va euh promener son petit nounours .,1.875,16.0,"(7, 1)",1
76,76,"^ ah là c'est le panier pour le chat .
tiens regarde il a un poi un panier pour le chat on va mettre les deux chats là-dedans .",1.3846153846153846,14.5,"(10, 1)",1
77,77,"un cartable .
xxx on le met ici ?",2.0,4.5,"(7, 1)",0
78,78,un cartable .,2.0,3.0,"(3, 1)",0
79,79,et ça ?,,3.0,"(3, 1)",0
80,80,"ça ça va pour la cheminée .
ah regarde !",2.0,5.0,"(7, 1)",1
81,81,"^ oh j'ai complétement oublié ...
ah oui c'est la chaudière !",2.0,12.0,"(8, 1)",1
82,82,euh ffff@o nan à mon avis tu vois c'est pour faire le manger là t'as le four là pour mettre la casserole et puis là les odeurs elles vont de l'autre côté .,1.2222222222222223,35.0,"(11, 1)",1
83,83,"nan c'est en dessous ...
ah ouais .",1.3333333333333333,8.0,"(6, 1)",0
84,84,"tiens mets-le là mets-le à la cuisine chéri .
voilà .",1.8333333333333333,5.5,"(8, 1)",0
85,85,"ça c'est ce qu'il y avait dans les maisons avant .
voilà .",1.2857142857142858,6.5,"(8, 1)",0
86,86,non non bah c'est pas grave on on fait comme s'il allait à l'extérieur quoi tu vois ?,1.3333333333333333,18.0,"(11, 1)",1
87,87,^ tiens mets la casserole dessus sinon on peut pas faire le manger pour la fin .,1.5555555555555556,17.0,"(9, 1)",1
88,88,"le café .
voilà .",2.0,2.5,"(4, 1)",0
89,89,Comme ça c'est bien ?,1.0,5.0,"(5, 1)",0
90,90,"^ vas-y mets la casserole dessus .
oh bah la ptite fille elle va avec ...
qu'est-ce qu'on fait on amène euh ...
la petite fille ...
la grande euh à l'école ?",1.3125,16.5,"(10, 1)",1
91,91,"euh je promène les petits ...
non le papa il promène les petits enfants la maman elle ramène /.",1.8888888888888888,20.0,"(9, 1)",0
92,92,"on va ramener regarde on va ramener avec le papa et la maman on va ramener la grande fille à l'école comme ça ça fait la promenade pour les bébés .
allez .
tiens bébé !",1.7777777777777777,12.0,"(9, 1)",4
93,93,C'est toi qui pousse la poussette ?,1.3333333333333333,7.0,"(6, 1)",0
94,94,samuel ?,2.0,2.0,"(2, 1)",0
95,95,ben toi xxx je fais semblant qu'elle qu'elle va à l'école /.,1.2,13.0,"(10, 1)",0
96,96,attends on va d'abord préparer le petit déjeuner avant d'aller à l'école .,1.875,13.0,"(9, 1)",2
97,97,"regarde il y a une tasse il y a l'eau qui qui le lait qui chauffe pour le Nesquick .
alors on va se réunir allez hop hop .",1.3,14.5,"(8, 1)",0
98,98,"C'est ...
allez prends la grande fille donne-lui son petit dej .
mais xxx .
ouais ...
la maman elle va aller aussi boire son café le papa aussi .
xxx oh c'est chiant ça !",1.4736842105263157,9.0,"(10, 1)",0
99,99,chut@o !,1.0,4.0,"(2, 1)",0
100,100,"voilà .
xxx fait .
alors ils boivent le café ...
allez vite c'est l'heure d'aller à l'école !",1.3636363636363635,6.333333333333333,"(9, 1)",0
101,101,"elle elle mange des céréales allez c'est l'heure d'aller à l'école le papa il va pousser la pousette ...
on peut commencer !",1.5714285714285714,23.0,"(7, 1)",1
102,102,alors le papa il va pousser la pousette et le papa il va tenir la main à sa petite fille .,1.6666666666666667,21.0,"(9, 1)",0
103,103,faut dire qu'on peut commencer ?,1.4,6.0,"(4, 1)",1
104,104,allez on y va on va à l'école ?,1.5,9.0,"(6, 1)",0
105,105,Allez c'est parti ?,1.6666666666666667,4.0,"(4, 1)",0
106,106,oui mais la caméra elle est pas en route !,1.5,10.0,"(9, 1)",1
107,107,je sais pas ?,1.0,4.0,"(4, 1)",0
108,108,si elle est en route .,1.0,6.0,"(6, 1)",0
109,109,si elle est en route quoi ?,1.0,7.0,"(6, 1)",0
110,110,si elle est en route !,1.0,6.0,"(6, 1)",0
111,111,ah !,,2.0,"(2, 1)",0
112,112,allez on va à l'école !,1.5,6.0,"(6, 1)",0
113,113,allez moi je pousse les bébés et toi tu tiens la main à la petite fille pour qu'on aille à l'école .,1.2727272727272727,22.0,"(9, 1)",0
114,114,"Alors ...
ah !",1.0,4.0,"(3, 1)",0
115,115,on est arrivés ?,3.0,4.0,"(4, 1)",1
116,116,"mmmh .
oui ..?
allez assis !",1.6666666666666667,2.6666666666666665,"(3, 1)",0
117,117,"allez la ma ...
qu'est-ce qu'elle fait la petite fille ?",1.5,11.0,"(7, 2)",0
118,118,elle fait un bisous à sa maman .,1.5,8.0,"(6, 1)",0
119,119,"un bisous à son papa aussi .
bonne journée travaille bien à l'école !",1.625,7.0,"(7, 1)",0
120,120,"a tout à l'heure on revien te chercher pour le repas !
xxx mais j'arrive pas à ...
Hop@o !",1.4444444444444444,7.333333333333333,"(9, 1)",0
121,121,"voilà tu la mets à l'école on va dire que l'école c'est là-bas .
voilà .",1.375,8.0,"(9, 1)",0
122,122,"Après nous qu'est-ce qu'on fait ?
position couchée .",1.5714285714285714,4.5,"(7, 2)",1
123,123,"mets-là debout .
ou sinon on va lui trouver eum ...
c'est pas grave on va on va aller à l'école et puis qu'est-ce qu'on fait Samuel ?",1.5384615384615385,14.0,"(12, 2)",0
124,124,on va rentrer ?,2.0,4.0,"(3, 1)",0
125,125,alors tu tu prends le garçon et nous on rentre à la maison .,1.3333333333333333,14.0,"(8, 1)",0
126,126,"on va aller coucher les bébés ..?
ouais .
dans leur lit ?",1.5,4.666666666666667,"(7, 1)",0
127,127,allez vas-y .,1.5,3.0,"(3, 1)",0
128,128,"il y a un bébé qui va dans le lit ...
là .
oh mais chat pouruquoi t'es tombé !
ouh là tu as vu il y en a beaucoup des chats hein !",1.5,11.333333333333334,"(10, 1)",1
129,129,il y en a deux dans le panier un en haut !,1.25,12.0,"(7, 1)",0
130,130,deux en haut !,1.0,4.0,"(4, 1)",0
131,131,y en a un qui est tombé du ciel !,1.5,10.0,"(7, 1)",0
132,132,ah ouais .,1.0,3.0,"(2, 1)",0
133,133,"allez celui-là on va le mettre dans le dodo là .
regarde nickel le dodo pour le bébé !",1.8,9.5,"(8, 1)",1
134,134,eh mais il y a un chat qui est tombé !,1.3333333333333333,11.0,"(8, 1)",0
135,135,"nan je l'ai mis là .
un deux trois quatre .
ah ouais mais regarde ...
on va lui mettre la couverture il va faire la sieste ...
un deux trois quatre cinq wahou y en a un deux trois quatre cinq euh ...
alors qu'est-ce qu'on fait maintenant ?",1.28,16.666666666666668,"(11, 1)",2
136,136,"Après avoir fait le le le petit dej et amené la grande à l'école il faut ..?
bah /.",1.25,10.5,"(11, 1)",0
137,137,commencer à faire le manger .,2.0,6.0,"(4, 1)",1
138,138,bah il est déjà fait !,1.5,6.0,"(6, 1)",0
139,139,"il est déjà fait nan ça c'était le petit dej .
allez tchictchic@o allez j'ai fait ...
voilà le papa il prépare le manger la maman avec /.",1.6666666666666667,15.5,"(11, 1)",0
140,140,ça y est j'ai fait le mager .,1.3333333333333333,8.0,"(6, 1)",0
141,141,t'as fait le manger ?,1.3333333333333333,5.0,"(4, 1)",0
142,142,"oui .
allez on on xxx ...
on va chercher la grande à l'école alors ?",1.4,8.0,"(9, 1)",0
143,143,ouais je vais la chercher toi tu reste ici le temps de préparer la dinde /.,1.4285714285714286,17.0,"(9, 1)",1
144,144,"je reste avec les bébés alors .
parce qu'ils vont pleurer tu vas même pas les entendre .
oh bah ouais après il vont pleurer !",1.2857142857142858,8.666666666666666,"(9, 1)",0
145,145,oh !,,2.0,"(2, 1)",0
146,146,bah justement ils se mettent à pleurer je vais aller les chercher !,1.8333333333333333,13.0,"(6, 1)",1
147,147,"oh le bébé il pleure .
allez c'est l'heure d'aller au lit !",1.5,6.5,"(8, 1)",0
148,148,"bah nan on va manger elle rentre de l'école .
xxx c'est l'heure de manger .
toi quand tu rentres de l'école tu vas au dodo ?",1.2727272727272727,9.0,"(9, 1)",0
149,149,"ouais .
oh bah non !",1.0,3.0,"(3, 1)",0
150,150,allez j'enlève mon sac je vais plus à l'école !,1.4,10.0,"(7, 1)",0
151,151,alors q'est-ce qu'elle demande q'est-ce qu'il demande le papa ?,1.625,10.0,"(7, 2)",0
152,152,^ comment c'était l'école ?,1.3333333333333333,5.0,"(6, 1)",0
153,153,ça va .,,3.0,"(3, 1)",0
154,154,t'as bien travaillé ?,1.3333333333333333,4.0,"(5, 1)",0
155,155,"ouii parce qu'on n'a rien fait .
oh !",1.0,5.5,"(7, 1)",0
156,156,t'as fait combien d'éval aujourd'hui ?,1.6,6.0,"(7, 1)",1
157,157,"une .
une .
trois même !",1.0,2.3333333333333335,"(4, 1)",0
158,158,trois !,1.0,2.0,"(2, 1)",0
159,159,et ça s'est bien passé ?,1.3333333333333333,6.0,"(6, 1)",0
160,160,"ouais .
alors on n'a qu'une seule table haute alors on va mettre un bébé et puis il ...
l'autre il va aller sur une grande table !",1.1428571428571428,15.0,"(10, 1)",0
161,161,"et puis il rentre pas le bébé .
ah nan vas-y il rentre ...
nan mais il rentre pas .
a@o Il est gros il mange trop de légumes !",1.1818181818181819,10.666666666666666,"(12, 1)",0
162,162,on va le prendre dans les bras pour lui donner le bibi .,1.3333333333333333,13.0,"(6, 1)",0
163,163,le bibi !,2.0,3.0,"(3, 1)",0
164,164,xxx regarde il est là le bibi !,2.0,8.0,"(8, 1)",0
165,165,un biberon pas le bibi !,2.5,6.0,"(4, 1)",1
166,166,tiens c'est toi qui donne le bibi .,1.25,8.0,"(7, 1)",0
167,167,"allez reste debout sur ta chaise .
xxx .
ahou@o il est tombé !",1.5,5.333333333333333,"(9, 1)",0
168,168,xxx Ahou@o !,1.0,5.0,"(3, 1)",0
169,169,"il a fait une roulade avant ...
voilà !",1.5,9.0,"(7, 1)",0
170,170,"mais c'est xxx ...
tiens on va le prendre comme ça .",1.0,12.0,"(8, 1)",0
171,171,"voilà .
regarde la maman elle le prend dans les bras c'est plus facile .
regarde oh il voulait un câlin de la maman /.",1.5714285714285714,8.666666666666666,"(11, 1)",0
172,172,voilà !,2.0,2.0,"(2, 1)",0
173,173,"voilà t'as réussi .
ah maintenant le deuxième bibi .
allez !",1.8571428571428572,4.0,"(9, 1)",1
174,174,merci !,2.0,2.0,"(2, 1)",0
175,175,allez tout le monde à table on va manger !,1.4,10.0,"(7, 1)",0
176,176,"qu'es-ce que tu as préparé de bon maman papa ?
des épinards ...
ah des epinards c'est bon ça les épinards !",2.0,11.0,"(8, 1)",1
177,177,"avec de la soupe carbonara .
de la soupe carbonara ?",2.2,5.5,"(4, 1)",2
178,178,mais qu'est-ce que c'est ?,1.3333333333333333,5.0,"(6, 1)",0
179,179,"nan .
de la sauce carbonara ?",2.5,3.5,"(5, 1)",1
180,180,"ouais .
et puis quoi aussi ?",1.25,3.5,"(5, 1)",0
181,181,"bah des pâtes .
ah bah oui des pâtes à la carbonara .
allez tiens !",1.8,5.333333333333333,"(6, 1)",1
182,182,Euh mange mange mange et mange et mange !,1.0,9.0,"(4, 1)",0
183,183,oh bah dis donc c'est très bon ce que tu nous a préparé !,1.4,14.0,"(7, 1)",1
184,184,allez on donne aux chats aussi !,1.5,7.0,"(7, 1)",0
185,185,"mange mange mange mange ...
voilà !
et comme ça tout le monde mange !",1.1111111111111112,7.5,"(8, 1)",0
186,186,"Voilà .
la petite fille elle rentre à l'école .",1.3333333333333333,5.0,"(7, 1)",0
187,187,"bah attends maintenant je vais aller changer les bébés ...
oui mais il faut que moi j'amène ...
comme ça ils sont tout prorpres .",1.4615384615384615,25.0,"(11, 1)",1
188,188,"la petite fille à l'école .
voilà je vais changer ...
allez viens !",1.5,7.0,"(7, 1)",0
189,189,c'est dejà l'heure d'amener la grande à l'école eh bisous hein ma chérie smack@o !,1.5,17.0,"(10, 1)",0
190,190,"bisous smack@o .
travaille bien !",1.75,4.0,"(5, 1)",0
191,191,travaille bien .,1.5,3.0,"(3, 1)",0
192,192,"alors on va en remettre un au dodo comme ça il est changé il a mangé ...
allez tu vas au travail smack@o et voilà .
oh il sont fatigués quand ils sont petits comme ça regarde .",1.7058823529411764,20.0,"(12, 1)",1
193,193,hop !,,2.0,"(2, 1)",0
194,194,"hop !
xxx .
au dodo !",2.0,2.3333333333333335,"(5, 1)",0
195,195,eh tu laisses jouer le petit un petit peu !,1.5,10.0,"(7, 1)",0
196,196,allez je vais aller la chercher .,1.75,7.0,"(3, 1)",0
197,197,c'est le papa qui va à l'école maintenant .,1.75,9.0,"(8, 1)",1
198,198,c'est le papa qui va à l'école maintenant ?,1.75,9.0,"(8, 1)",1
199,199,"nan il porte son sac .
ah d'accord .",1.5,4.5,"(7, 1)",0
200,200,ça y est !,,4.0,"(3, 1)",0
201,201,"elle rentre ...
allez je prend des Miel Pops !
pour le goûter ?",1.25,7.0,"(6, 1)",0
202,202,"ouais .
allez on va préparer le goûter alors .
tic tic .
tiens miam et voilà .",1.625,4.5,"(7, 1)",1
203,203,"même si elle est tombée .
voilà .",1.5,4.0,"(6, 1)",0
204,204,elle mange par terre !,1.0,5.0,"(5, 1)",0
205,205,allez je pose le sac /.,1.5,7.0,"(6, 1)",0
206,206,attends moi je vais je vais aller avec euh la grande elle a fini de prendre le goûter on va aller toutes les deux chez le coiffeur .,1.4,28.0,"(9, 1)",0
207,207,on a des cheveux là regarde .,2.0,7.0,"(7, 1)",0
208,208,nan !,,2.0,"(2, 1)",0
209,209,si regarde bah si on a des cheveux là on va lui changer la coiffure .,2.0,16.0,"(8, 1)",0
210,210,hop !,,2.0,"(2, 1)",0
211,211,"bah elle a déjà elle a des petit cheveux xxx des grands .
oui mais regarde c'est des grands cheveux pour euh la maman ça va pas sur la tête à la petite fille .
datatata@o !",1.588235294117647,13.0,"(11, 1)",1
212,212,allez tu viens on va chez le coiffeur ?,1.5,9.0,"(6, 1)",0
213,213,nan c'est une coupe de garçon !,1.3333333333333333,7.0,"(7, 1)",0
214,214,ah c'est pas grave !,1.0,5.0,"(6, 1)",0
215,215,on va dire que c'est une coupe euh voilà !,1.25,10.0,"(8, 1)",0
216,216,nan c'est bon !,1.0,4.0,"(5, 1)",0
217,217,on laisse la coupe-là c'est bon !,1.3333333333333333,7.0,"(8, 1)",0
218,218,"on va pas euh elle va pas avoir plus de cheveux à un moment euh ...
ah bah tiens on peut lui essayer .",1.375,24.0,"(9, 1)",0
219,219,essaye-voir un petit peu comment que ça lui va xxx c'est une maman !,2.0,14.0,"(9, 1)",1
220,220,comment on fait pour mettre une coupe ?,1.2,8.0,"(7, 1)",0
221,221,"viens je t'aide .
faut appuyer fort !",1.2,4.0,"(4, 1)",0
222,222,Fais voir .,1.0,3.0,"(3, 1)",0
223,223,C'est bon ça tient ?,1.0,5.0,"(5, 1)",0
224,224,oui !,,2.0,"(2, 1)",0
225,225,ah bah nickel !,2.0,4.0,"(3, 1)",0
226,226,on peut on peut arrêter est-ce qu'elle peut nous dire c'est quand qu'on peut arrête ?,1.3076923076923077,16.0,"(5, 2)",1
227,227,viens voir essaye voir les cheveux là pour voir on a dit qu'on allait chez le coiffeur xxxx .,1.3333333333333333,19.0,"(9, 1)",0
228,228,mais non mais c'est un coupe de garçon !,1.2,9.0,"(8, 1)",0
229,229,xxx aussi !,2.0,3.0,"(3, 1)",0
230,230,bon alors on va dire au papa d'aller chez le coiffeur !,1.5,12.0,"(8, 1)",0
231,231,"ouais sauf qu'il a les cheveux blonds .
ah ouais et les papas ils font pas trop les couleurs .",1.3,10.0,"(11, 1)",0
232,232,ça va pas aller !,2.0,5.0,"(4, 1)",0
233,233,"nan les mamans elles font plus les couleurs que les papas .
bon !",1.5,7.0,"(9, 1)",0
234,234,bah voilà on revient on va aller un petit peu au parc puis on va promener les enfants ton frère et ta soeur ?,1.7,24.0,"(10, 1)",1
235,235,oh il a plus de cheveux !,1.5,7.0,"(7, 1)",0
236,236,le papa il a fait la boule à zéro !,1.5,10.0,"(8, 1)",0
237,237,tiens vas-y essaye voir la coiffure .,1.4,7.0,"(5, 1)",0
238,238,tu veux que je le mette c'est dur hein ?,1.0,10.0,"(7, 1)",0
239,239,ah eh allez mets ta coupe !,1.3333333333333333,7.0,"(5, 1)",0
240,240,c'est bon ?,1.0,3.0,"(4, 1)",0
241,241,ah !,,2.0,"(2, 1)",0
242,242,"allez viens on va prendre les bébés et on va leur faire faire la promenade .
voilà .
allez on pend euh la poussette ah xxx ...
allez vas-y mets les bébés dans la poussette .",1.5555555555555556,12.0,"(11, 1)",1
243,243,"comme ça la petite fille elle va promener son nounours .
on va aller au parc .",1.625,8.5,"(8, 1)",1
244,244,ça va être bien on va se promener .,1.6666666666666667,9.0,"(5, 1)",1
245,245,c'est le papa qui pousse ou la maman ?,1.5,9.0,"(7, 1)",0
246,246,"papa .
attends regarde il faut le lever il faut le lever Samuel regarde .
ah oui j'ai pas vu .",1.7,7.0,"(8, 1)",0
247,247,"voilà c'est ça qui fait que tu peux ...
tatadatadalalala !",2.6,11.0,"(6, 1)",1
248,248,aouh@o !,1.0,4.0,"(2, 1)",0
249,249,"mais non .
ah j'ai la tête en bas c'est pour ça !",1.0,6.5,"(10, 1)",0
250,250,"comme ça on va aller un peu se promener les enfants ils seront contents .
deeuhiheu@o !",2.0,9.5,"(9, 1)",2
251,251,han@o les bébés !,1.5,6.0,"(4, 1)",0
252,252,xxx la grande ici ?,1.0,5.0,"(5, 1)",0
253,253,bon là elle peut pas parce qu'elle pousse son bébé mais tu vois comme toi quand t'étais dans la poussette on avait mis ça pour que ta soeur elle soit devant la poussette tu te rappelles plus t'étais petit .,1.25,40.0,"(11, 1)",0
254,254,"nan je suis ri j'étais rikiki mais je sais comment je suis maintenant quand j'étais bébé tout xxx comme ça .
tu te rappelles t'avais une euh y avais une euh ça là sur la poussette ?",1.4705882352941178,18.5,"(12, 1)",2
255,255,Tu te rappelle plus xxx ?,1.5,6.0,"(4, 1)",0
256,256,tutulutulu@o !,5.0,4.0,"(2, 1)",1
257,257,allez on va promener la papa et /.,2.3333333333333335,9.0,"(7, 1)",1
258,258,nan on rentre !,1.0,4.0,"(4, 1)",0
259,259,ah ça y est déjà !,2.0,6.0,"(5, 1)",0
260,260,bon alors on rentre alors .,1.0,6.0,"(5, 1)",0
261,261,bah oui !,,3.0,"(2, 1)",0
262,262,Il fait déjà il est déjà minuit cinq !,1.6,9.0,"(7, 1)",0
263,263,oh non il fait pas minuit on est parti après le goûter .,1.6,13.0,"(8, 1)",0
264,264,nan on est partis il était vingt heure .,1.25,9.0,"(7, 1)",0
265,265,oh non on est partis après le goûter après les Miel Pops de la grande !,1.2857142857142858,16.0,"(10, 1)",0
266,266,"bah oui bah elle a pris deux heures à y manger ...
nan elle a pris six heures .",1.125,19.0,"(8, 1)",0
267,267,"bon .
allez on va au bain alors maintenant ?",1.75,5.0,"(8, 1)",1
268,268,"allez on va aller faire le bain avec les bébés on va dire que la salle de bain elle est là .
oh ?",1.3,12.0,"(10, 1)",0
269,269,"ils vont aller à la salle de bain ...
tiens regarde on dit que c'est là la salle de bain .",1.2222222222222223,21.0,"(10, 1)",0
270,270,"la poussette on va la ranger .
attends les parents ils vont prendre le bain aux enfants dès que les petits il sont sortis ...
oh pourquoi elle s'est cassée ?",1.6,15.5,"(11, 1)",0
271,271,maman ?,2.0,2.0,"(2, 1)",0
272,272,mmh .,,2.0,"(2, 1)",0
273,273,"nan nan regarde c'est juste que ça s'enlève ...
elle s'est cassée la poussette !",1.5,15.0,"(9, 1)",0
274,274,nan elle s'est pas cassée chéri .,1.5,7.0,"(7, 1)",0
275,275,"tiens regarde tu dois mettre le siège ici et le chapeau du siège au-dessus .
mets déjà le siège Samuel .
aie@o !",1.4615384615384615,8.333333333333334,"(10, 1)",1
276,276,"allez mets-toi .
tiens .",1.6666666666666667,2.5,"(4, 1)",0
277,277,c'est bon ?,1.0,3.0,"(4, 1)",0
278,278,"oui .
allez mets voir le siège maintenant dessus .",1.6666666666666667,5.0,"(7, 1)",1
279,279,"t'as vu regarde y a une petite barre là .
en dessous y a deux crans tu vois là ça doit sûrement aller dessus .",1.5833333333333333,12.5,"(10, 1)",1
280,280,"nan je l'ai mis à l'envers le truc .
oh bah voilà .
alors .
le papa ...
la maman elle finit d'habiller le bébé le papa il commence à préparer le repas hop !
et la maman elle va aider le papa à préparer le repas à mettre la table et tout ça .
hein Samuel ?",1.7307692307692308,9.666666666666666,"(12, 1)",2
281,281,"on va mettre un comme ça ...
oups .",1.0,9.0,"(5, 1)",0
282,282,voilà .,2.0,2.0,"(2, 1)",0
283,283,te tiens tu mets le bébé dedans ?,1.5,8.0,"(6, 1)",0
284,284,regarde mets-toi je vais essayer de mettre la poussette chéri .,1.7142857142857142,11.0,"(7, 1)",0
285,285,donne je vais le faire xxx .,1.0,7.0,"(4, 1)",0
286,286,tu mets-le bébé dans le la chaise-haute ?,1.75,8.0,"(6, 1)",0
287,287,oh attend .,2.0,3.0,"(3, 1)",0
288,288,ouais mets d'abord ça c'est plus simple mais regarde il y a des encoches en dessous de la poussette .,1.3636363636363635,20.0,"(11, 1)",0
289,289,"t'as réussi ?
ah je crois que t'as mis à l'envers ?",1.4,6.0,"(9, 1)",0
290,290,"ouais voilà .
voilà comme ça comme ça y a là y a les jambes en dessous .",1.4285714285714286,9.0,"(9, 1)",0
291,291,fais voir .,1.0,3.0,"(3, 1)",0
292,292,c'est bon ?,1.0,3.0,"(4, 1)",0
293,293,vas-y mets le bébé dans la p dans la chaise-haute maman elle va elle va regarder ça chéri .,1.5454545454545454,19.0,"(7, 1)",1
