"","note","sentence","pluriels_phrase_nombre_pluriels_sentence","parties_du_discours_phrase_proportion_SCONJ_sentence","connecteurs_organisateurs_phrase_nombre_explicatifs_et_justificatifs_sentence","connecteurs_organisateurs_phrase_proportion_explicatifs_et_justificatifs_sentence","parties_du_discours_phrase_proportion_INTJ_sentence","connecteurs_organisateurs_phrase_nombre_connecteurs_temporels_sentence","connecteurs_organisateurs_phrase_proportion_connecteurs_temporels_sentence","graphie_phrase_variance_longueur_mots_sentence","pronoms_phrase_nombre_pronoms_indefinis_sentence","dependances_syntaxiques_phrase_nombre_moyen_dependances_sentence","adverbiaux_temporels_phrase_nombre_adverbiaux_temporels_sentence","adverbiaux_temporels_phrase_proportion_adverbiaux_temporels_sentence","dependances_syntaxiques_phrase_point_distance_moyenne_sentence","pluriels_phrase_proportion_pluriels_sentence","pronoms_phrase_proportion_pronoms_personnels_pluriels_sentence","structures_syntaxiques_phrase_nombre_subordonnees_completives_sentence","structures_syntaxiques_phrase_proportion_subordonnees_completives_sentence","flexions_verbales_phrase_proportion_flexions_pluriel_sentence","pronoms_phrase_repartition_pronoms_personnels_pluriels_sentence","parties_du_discours_phrase_proportion_ADV_sentence","parties_du_discours_phrase_proportion_CCONJ_sentence","flexions_verbales_phrase_diversite_systemes_temps_sentence","pronoms_phrase_repartition_pronoms_personnels_1e_personne_sentence","connecteurs_organisateurs_phrase_nombre_additifs_et_integration_lineaire_sentence","connecteurs_organisateurs_phrase_proportion_additifs_et_integration_lineaire_sentence","pronoms_phrase_proportion_pronoms_personnels_1e_personne_sentence","emotions_phrase_score_de_subjectitvite_sentence","emotions_phrase_score_de_polarite_sentence","connecteurs_organisateurs_phrase_nombre_argumentatifs_et_concessifs_sentence","connecteurs_organisateurs_phrase_proportion_argumentatifs_et_concessifs_sentence"
"1","1","c'est quoi?",NA,NA,NA,NA,NA,NA,NA,NA,NA,NA,NA,NA,NA,NA,NA,NA,NA,NA,NA,NA,NA,"0.333333333333333",NA,NA,NA,NA,NA,NA,NA,NA
"2","2","comment on ouvre?",NA,NA,NA,NA,NA,NA,NA,NA,NA,NA,NA,NA,NA,NA,NA,NA,NA,NA,NA,"0.3333333333",NA,"0.333333333333333",NA,NA,NA,NA,NA,NA,NA,NA
"3","1","c'est quoi ça?",NA,NA,NA,NA,NA,NA,NA,NA,NA,NA,NA,NA,NA,NA,NA,NA,NA,NA,NA,NA,NA,"0.333333333333333",NA,NA,NA,NA,NA,NA,NA,NA
"4","4","ah y a des Playmobil!","0.0540540540540541",NA,NA,NA,"0.2",NA,NA,NA,NA,NA,NA,NA,NA,"0.4",NA,NA,NA,NA,NA,NA,NA,"0.333333333333333",NA,NA,NA,NA,NA,NA,NA,NA
"5","5","xxx oh y a même un petit chat!",NA,NA,NA,NA,NA,NA,NA,NA,NA,NA,NA,NA,NA,NA,NA,NA,NA,NA,NA,NA,NA,"0.333333333333333",NA,NA,NA,NA,"0.0625","0.0625","0.166666666666667","0.166666666666667"
"6","3","oh c'est quoi ça?",NA,NA,NA,NA,"0.4",NA,NA,NA,NA,"0.822857142875951",NA,NA,NA,NA,NA,NA,NA,NA,NA,NA,NA,"0.333333333333333",NA,NA,NA,NA,NA,NA,NA,NA
"7","1","ah ouais!",NA,NA,NA,NA,"1",NA,NA,NA,NA,NA,NA,NA,NA,NA,NA,NA,NA,NA,NA,NA,NA,NA,NA,NA,NA,NA,NA,NA,NA,NA
"8","10","euh le lit on le met comme ça parce que sinon il va tomber.",NA,"0.2500000000875","0.25","0.25","0.0714285714",NA,NA,"0.211151217765543","0.111111111111111","0.891428571483233",NA,NA,NA,NA,NA,"0.111111111111111","0.111111111111111",NA,NA,NA,NA,"0.333333333333333",NA,NA,NA,NA,NA,NA,NA,NA
"9","3","de toi et ma et Stéphane.",NA,NA,NA,NA,NA,NA,NA,NA,NA,NA,NA,NA,NA,NA,NA,NA,NA,NA,NA,NA,"0.3333333333",NA,NA,"0.142857142857143","0.142857142857143",NA,NA,NA,NA,NA
"10","2","là ça sera Esteban.",NA,NA,NA,NA,NA,NA,NA,NA,NA,NA,NA,NA,NA,NA,NA,NA,NA,NA,NA,"0.25",NA,"0.333333333333333",NA,NA,NA,NA,NA,NA,NA,NA
"11","1","c'est pour Esteban qui euh .",NA,NA,NA,NA,NA,NA,NA,NA,NA,NA,NA,NA,NA,NA,NA,NA,NA,NA,NA,NA,NA,"0.333333333333333",NA,NA,NA,NA,NA,NA,NA,NA
"12","2","ça c'est pour une cheminée?",NA,NA,NA,NA,NA,NA,NA,NA,"0.111111111111111",NA,NA,NA,NA,NA,NA,NA,NA,NA,NA,NA,NA,"0.333333333333333",NA,NA,NA,NA,NA,NA,NA,NA
"13","2","oh une poussette!",NA,NA,NA,NA,"0.3333333333",NA,NA,NA,"0.111111111111111",NA,NA,NA,NA,NA,NA,NA,NA,NA,NA,NA,NA,NA,NA,NA,NA,NA,NA,NA,NA,NA
"14","3","on la met euh dehors?",NA,NA,NA,NA,"0.2",NA,NA,NA,NA,NA,NA,NA,NA,NA,NA,NA,NA,NA,NA,"0.2",NA,"0.333333333333333",NA,NA,NA,NA,NA,NA,NA,NA
"15","2","on en met une autre.",NA,NA,NA,NA,NA,NA,NA,NA,"0.277777777777778",NA,NA,NA,NA,NA,NA,NA,NA,NA,NA,NA,NA,"0.333333333333333",NA,NA,NA,NA,NA,NA,NA,NA
"16","2","ah c'est un siège à balance!",NA,NA,NA,NA,"0.1428571429",NA,NA,NA,NA,NA,NA,NA,NA,NA,NA,NA,NA,NA,NA,NA,NA,"0.333333333333333",NA,NA,NA,NA,NA,NA,NA,NA
"17","1","chez Mamie y en a un.",NA,NA,NA,NA,NA,NA,NA,NA,NA,NA,NA,NA,NA,NA,NA,NA,NA,NA,NA,NA,NA,"0.333333333333333",NA,NA,NA,NA,NA,NA,NA,NA
"18","3","ah si.",NA,NA,NA,NA,"0.5",NA,NA,NA,NA,NA,NA,NA,NA,NA,NA,NA,NA,NA,NA,NA,NA,NA,NA,NA,NA,NA,"0.1","0.1",NA,NA
"19","2","ça se refait pas?",NA,NA,NA,NA,NA,NA,NA,NA,NA,NA,NA,NA,NA,NA,NA,NA,NA,NA,NA,"0.25",NA,"0.333333333333333",NA,NA,NA,NA,NA,NA,NA,NA
"20","4","c'est tout petit.",NA,NA,NA,NA,NA,NA,NA,NA,NA,NA,NA,NA,NA,NA,NA,NA,NA,NA,NA,"0.25",NA,"0.333333333333333",NA,NA,NA,NA,"0.16","0.16",NA,NA
"21","1","lui c'est Esteban!",NA,NA,NA,NA,NA,NA,NA,NA,NA,NA,NA,NA,NA,NA,NA,NA,NA,NA,NA,NA,NA,"0.333333333333333",NA,NA,NA,NA,NA,NA,NA,NA
"22","3","bah oui!",NA,NA,NA,NA,"1",NA,NA,NA,NA,NA,NA,NA,NA,NA,NA,NA,NA,NA,NA,NA,NA,NA,NA,NA,NA,NA,"0.0125","0.0125",NA,NA
"23","3","on est le soir!",NA,NA,NA,NA,NA,NA,NA,NA,NA,NA,"0.25","0.25",NA,NA,NA,NA,NA,NA,NA,NA,NA,"0.333333333333333",NA,NA,NA,NA,NA,NA,NA,NA
"24","5","ah les deux petits chats!","0.108108108108108",NA,NA,NA,"0.2",NA,NA,NA,NA,NA,NA,NA,NA,"0.8",NA,NA,NA,NA,NA,NA,NA,NA,NA,NA,NA,NA,"0.125","0.125",NA,NA
"25","2","il faut une gamelle!",NA,NA,NA,NA,NA,NA,NA,NA,"0.111111111111111",NA,NA,NA,NA,NA,NA,NA,NA,NA,NA,NA,NA,"0.333333333333333",NA,NA,NA,NA,NA,NA,NA,NA
"26","2","où elle est leur gamelle?",NA,NA,NA,NA,NA,NA,NA,NA,NA,NA,NA,NA,NA,NA,NA,NA,NA,NA,NA,"0.2",NA,"0.333333333333333",NA,NA,NA,NA,NA,NA,NA,NA
"27","1","ah ça!",NA,NA,NA,NA,"0.5",NA,NA,NA,NA,NA,NA,NA,NA,NA,NA,NA,NA,NA,NA,NA,NA,NA,NA,NA,NA,NA,NA,NA,NA,NA
"28","12","voilà ils vont faire dodo!","0.0540540540540541",NA,"0.25","0.25",NA,NA,NA,NA,NA,"0.822857142875951",NA,NA,"0.395022143840506","0.4","0.4","0.111111111111111","0.111111111111111","1","1",NA,NA,"0.333333333333333",NA,NA,NA,NA,NA,NA,NA,NA
"29","3","ah y en a plein!",NA,NA,NA,NA,"0.2",NA,NA,NA,NA,NA,NA,NA,NA,NA,NA,NA,NA,NA,NA,NA,NA,"0.333333333333333",NA,NA,NA,NA,NA,"0.3375",NA,NA
"30","3","y en a quatre!","0.027027027027027",NA,NA,NA,NA,NA,NA,NA,NA,NA,NA,NA,NA,"0.25",NA,NA,NA,NA,NA,NA,NA,"0.333333333333333",NA,NA,NA,NA,NA,NA,NA,NA
"31","2","y a que cinq!",NA,NA,NA,NA,NA,NA,NA,NA,NA,NA,NA,NA,NA,NA,NA,NA,NA,NA,NA,"0.25",NA,"0.333333333333333",NA,NA,NA,NA,NA,NA,NA,NA
"32","1","oh un n.",NA,NA,NA,NA,"0.3333333333",NA,NA,NA,NA,NA,NA,NA,NA,NA,NA,NA,NA,NA,NA,NA,NA,NA,NA,NA,NA,NA,NA,NA,NA,NA
"33","1","c'est un doudou.",NA,NA,NA,NA,NA,NA,NA,NA,NA,NA,NA,NA,NA,NA,NA,NA,NA,NA,NA,NA,NA,"0.333333333333333",NA,NA,NA,NA,NA,NA,NA,NA
"34","3","oh y a deux!","0.027027027027027",NA,NA,NA,NA,NA,NA,NA,NA,NA,NA,NA,NA,"0.25",NA,NA,NA,NA,NA,NA,NA,"0.333333333333333",NA,NA,NA,NA,NA,NA,NA,NA
"35","4","ah c'est pour les deux euh.","0.0810810810810811",NA,NA,NA,"0.1428571429",NA,NA,NA,NA,NA,NA,NA,NA,"0.4285714286",NA,NA,NA,NA,NA,NA,NA,"0.333333333333333",NA,NA,NA,NA,NA,NA,NA,NA
"36","1","on yyy met là du coup.",NA,NA,NA,NA,NA,NA,NA,NA,NA,NA,NA,NA,NA,NA,NA,NA,NA,NA,NA,NA,NA,"0.333333333333333",NA,NA,NA,NA,NA,NA,NA,NA
"37","2","euh c'est quoi?",NA,NA,NA,NA,"0.25",NA,NA,NA,NA,NA,NA,NA,NA,NA,NA,NA,NA,NA,NA,NA,NA,"0.333333333333333",NA,NA,NA,NA,NA,NA,NA,NA
"38","3","ah c'est une couche.",NA,NA,NA,NA,"0.2",NA,NA,NA,"0.111111111111111",NA,NA,NA,NA,NA,NA,NA,NA,NA,NA,NA,NA,"0.333333333333333",NA,NA,NA,NA,NA,NA,NA,NA
"39","2","c'est une couche!",NA,NA,NA,NA,NA,NA,NA,NA,"0.111111111111111",NA,NA,NA,NA,NA,NA,NA,NA,NA,NA,NA,NA,"0.333333333333333",NA,NA,NA,NA,NA,NA,NA,NA
"40","1","c'est quoi ça?",NA,NA,NA,NA,NA,NA,NA,NA,NA,NA,NA,NA,NA,NA,NA,NA,NA,NA,NA,NA,NA,"0.333333333333333",NA,NA,NA,NA,NA,NA,NA,NA
"41","1","c'est pour la cheminée?",NA,NA,NA,NA,NA,NA,NA,NA,NA,NA,NA,NA,NA,NA,NA,NA,NA,NA,NA,NA,NA,"0.333333333333333",NA,NA,NA,NA,NA,NA,NA,NA
"42","2","oh un biberon!",NA,NA,NA,NA,"0.3333333333",NA,NA,NA,"0.111111111111111",NA,NA,NA,NA,NA,NA,NA,NA,NA,NA,NA,NA,NA,NA,NA,NA,NA,NA,NA,NA,NA
"43","7","une tasse encore une cruche le sac un sac à main on le met là.",NA,NA,NA,NA,NA,NA,NA,"0.228401439541816","0.333333333333333","0.900000000020571","0.25","0.25","0.368275852834846",NA,NA,NA,NA,NA,NA,NA,NA,"0.333333333333333",NA,NA,NA,NA,NA,NA,NA,NA
"44","3","la petite fille elle dort là!",NA,NA,NA,NA,NA,NA,NA,NA,NA,NA,NA,NA,NA,NA,NA,NA,NA,NA,NA,NA,NA,"0.333333333333333",NA,NA,NA,NA,"0.125","0.125",NA,NA
"45","4","moi je suis le papa!",NA,NA,NA,NA,NA,NA,NA,NA,NA,"0.822857142875951",NA,NA,NA,NA,NA,NA,NA,NA,NA,NA,NA,"0.333333333333333","1",NA,NA,"0.4",NA,NA,NA,NA
"46","0","bah s.",NA,NA,NA,NA,NA,NA,NA,NA,NA,NA,NA,NA,NA,NA,NA,NA,NA,NA,NA,NA,NA,NA,NA,NA,NA,NA,NA,NA,NA,NA
"47","3","bah oui!",NA,NA,NA,NA,"1",NA,NA,NA,NA,NA,NA,NA,NA,NA,NA,NA,NA,NA,NA,NA,NA,NA,NA,NA,NA,NA,"0.0125","0.0125",NA,NA
"48","3","ou c'est une perruque!",NA,NA,NA,NA,NA,NA,NA,NA,"0.111111111111111",NA,NA,NA,NA,NA,NA,NA,NA,NA,NA,NA,"0.2","0.333333333333333",NA,NA,NA,NA,NA,NA,NA,NA
"49","0","au lit!",NA,NA,NA,NA,NA,NA,NA,NA,NA,NA,NA,NA,NA,NA,NA,NA,NA,NA,NA,NA,NA,NA,NA,NA,NA,NA,NA,NA,NA,NA
"50","6","bah oui y a deux lits!","0.0540540540540541",NA,NA,NA,"0.3333333333",NA,NA,NA,NA,NA,NA,NA,NA,"0.3333333333",NA,NA,NA,NA,NA,NA,NA,"0.333333333333333",NA,NA,NA,NA,"0.0125","0.0125",NA,NA
"51","7","attends je prépare!","0.027027027027027",NA,NA,NA,NA,NA,NA,NA,NA,NA,NA,NA,"0.370333259850475","0.3333333333",NA,NA,NA,"0.5",NA,NA,NA,"0.333333333333333","1",NA,NA,"0.3333333333",NA,NA,NA,NA
"52","2","ah c'est un sac !",NA,NA,NA,NA,"0.2",NA,NA,NA,NA,NA,NA,NA,NA,NA,NA,NA,NA,NA,NA,NA,NA,"0.333333333333333",NA,NA,NA,NA,NA,NA,NA,NA
"53","2","sept heures.","0.0540540540540541",NA,NA,NA,NA,NA,NA,NA,NA,NA,NA,NA,NA,"1",NA,NA,NA,NA,NA,NA,NA,NA,NA,NA,NA,NA,NA,NA,NA,NA
"54","1","ah bah ouais!",NA,NA,NA,NA,"1",NA,NA,NA,NA,NA,NA,NA,NA,NA,NA,NA,NA,NA,NA,NA,NA,NA,NA,NA,NA,NA,NA,NA,NA,NA
"55","2","yyy voilà!",NA,NA,"0.25","0.25",NA,NA,NA,NA,NA,NA,NA,NA,NA,NA,NA,NA,NA,NA,NA,NA,NA,NA,NA,NA,NA,NA,NA,NA,NA,NA
"56","7","on va j'emmène les petits!","0.0540540540540541",NA,NA,NA,NA,NA,NA,NA,NA,NA,NA,NA,NA,"0.3333333333",NA,NA,NA,NA,NA,NA,NA,"0.333333333333333","1",NA,NA,"0.1666666667","0.125","0.125",NA,NA
"57","2","euh au parc?",NA,NA,NA,NA,"0.25",NA,NA,NA,NA,NA,NA,NA,"0.370333259850475",NA,NA,NA,NA,NA,NA,NA,NA,NA,NA,NA,NA,NA,NA,NA,NA,NA
"58","7","papa maman je suis prête pour aller à l'école!",NA,NA,NA,NA,NA,NA,NA,"0.137418379942678",NA,"0.841558441596378",NA,NA,NA,NA,NA,NA,NA,NA,NA,NA,NA,"0.333333333333333","1",NA,NA,"0.1","0.175","0.175",NA,NA
"59","2","y a pas d'escalier!",NA,NA,NA,NA,NA,NA,NA,NA,NA,NA,NA,NA,NA,NA,NA,NA,NA,NA,NA,"0.2",NA,"0.333333333333333",NA,NA,NA,NA,NA,NA,NA,NA
"60","4","oh regarde ici y a une table euh.",NA,NA,NA,NA,NA,NA,NA,NA,"0.111111111111111",NA,NA,NA,NA,NA,NA,"0.111111111111111","0.111111111111111",NA,NA,NA,NA,"0.333333333333333",NA,NA,NA,NA,NA,NA,NA,NA
"61","4","à manger euh je crois!",NA,NA,NA,NA,NA,NA,NA,NA,NA,NA,NA,NA,NA,NA,NA,NA,NA,NA,NA,"0.2",NA,"0.333333333333333","1",NA,NA,"0.2",NA,NA,NA,NA
"62","0","ma non!",NA,NA,NA,NA,NA,NA,NA,NA,NA,NA,NA,NA,NA,NA,NA,NA,NA,NA,NA,NA,NA,NA,NA,NA,NA,NA,NA,NA,NA,NA
"63","6","et les deux là euh les jumeaux Jean.","0.108108108108108",NA,NA,NA,"0.125",NA,NA,NA,NA,NA,NA,NA,NA,"0.5",NA,NA,NA,NA,NA,NA,"0.125",NA,NA,"0.0714285714285714","0.0714285714285714",NA,NA,NA,NA,NA
"64","3","Jean yyy et Jean yyy!",NA,NA,NA,NA,NA,NA,NA,NA,NA,NA,NA,NA,NA,NA,NA,NA,NA,NA,NA,NA,"0.2",NA,NA,"0.0714285714285714","0.0714285714285714",NA,NA,NA,NA,NA
"65","3","Jean yyy et hum Jean françois!",NA,NA,NA,NA,NA,NA,NA,NA,NA,NA,NA,NA,NA,NA,NA,NA,NA,NA,NA,NA,"0.1666666667",NA,NA,"0.0714285714285714","0.0714285714285714",NA,NA,NA,NA,NA
"66","4","euh tiens un bouquet de fleurs!","0.027027027027027",NA,NA,NA,"0.1666666667",NA,NA,NA,NA,NA,NA,NA,NA,"0.1666666667",NA,NA,NA,NA,NA,NA,NA,"0.333333333333333",NA,NA,NA,NA,NA,NA,NA,NA
"67","3","bah comment on fait?",NA,NA,NA,NA,"0.25",NA,NA,NA,NA,NA,NA,NA,NA,NA,NA,NA,NA,NA,NA,"0.25",NA,"0.333333333333333",NA,NA,NA,NA,NA,NA,NA,NA
"68","0","dans la cruche!",NA,NA,NA,NA,NA,NA,NA,NA,NA,NA,NA,NA,NA,NA,NA,NA,NA,NA,NA,NA,NA,NA,NA,NA,NA,NA,NA,NA,NA,NA
"69","4","oui c'est bon!",NA,NA,NA,NA,"0.25",NA,NA,NA,NA,NA,NA,NA,NA,NA,NA,NA,NA,NA,NA,NA,NA,"0.333333333333333",NA,NA,NA,NA,"0.4425","0.4425",NA,NA
"70","3","bah oui!",NA,NA,NA,NA,"1",NA,NA,NA,NA,NA,NA,NA,NA,NA,NA,NA,NA,NA,NA,NA,NA,NA,NA,NA,NA,NA,"0.0125","0.0125",NA,NA
"71","3","euh oui!",NA,NA,NA,NA,"1",NA,NA,NA,NA,NA,NA,NA,NA,NA,NA,NA,NA,NA,NA,NA,NA,NA,NA,NA,NA,NA,"0.0125","0.0125",NA,NA
"72","8","mais ça sentait pas du tout bon!",NA,NA,NA,NA,NA,NA,NA,NA,"0.111111111111111",NA,NA,NA,"0.333299933865427",NA,NA,NA,NA,NA,NA,NA,"0.125","0.333333333333333",NA,NA,NA,NA,"0.5475","0.5475","0.166666666666667","0.166666666666667"
"73","2","les jumeaux!","0.0540540540540541",NA,NA,NA,NA,NA,NA,NA,NA,NA,NA,NA,NA,"1",NA,NA,NA,NA,NA,NA,NA,NA,NA,NA,NA,NA,NA,NA,NA,NA
"74","6","on va à l'école avec euh eux!","0.027027027027027",NA,NA,NA,NA,NA,NA,NA,NA,NA,NA,NA,"0.347473182080098","0.125","0.25",NA,NA,NA,"1",NA,NA,"0.333333333333333",NA,NA,NA,NA,NA,NA,NA,NA
"75","7","allez reste là!","0.027027027027027",NA,NA,NA,NA,NA,NA,NA,NA,NA,NA,NA,NA,"0.3333333333",NA,"0.111111111111111","0.111111111111111","0.5",NA,"0.3333333333",NA,"0.333333333333333",NA,NA,NA,NA,NA,NA,NA,NA
"76","7","allez on y va!","0.027027027027027",NA,NA,NA,NA,NA,NA,NA,NA,NA,NA,NA,"0.555499889775712","0.25",NA,"0.111111111111111","0.111111111111111","0.5",NA,NA,NA,"0.333333333333333",NA,NA,NA,NA,NA,NA,NA,NA
"77","4","allez les jumeaux!","0.0810810810810811",NA,NA,NA,NA,NA,NA,NA,NA,NA,NA,NA,"0.370333259850475","1",NA,NA,NA,"1",NA,NA,NA,NA,NA,NA,NA,NA,NA,NA,NA,NA
"78","3","c'est normal c'est le diner!",NA,NA,NA,NA,NA,NA,NA,NA,NA,NA,NA,NA,NA,NA,NA,NA,NA,NA,NA,NA,NA,"0.333333333333333",NA,NA,NA,NA,"0.2125","0.2125",NA,NA
"79","5","mais comment on fait pour le mettre dedans?",NA,NA,NA,NA,NA,NA,NA,NA,NA,NA,NA,NA,NA,NA,NA,NA,NA,NA,NA,"0.25","0.125","0.333333333333333",NA,NA,NA,NA,NA,NA,"0.166666666666667","0.166666666666667"
"80","2","on le met debout!",NA,NA,NA,NA,NA,NA,NA,NA,NA,NA,NA,NA,NA,NA,NA,NA,NA,NA,NA,"0.25",NA,"0.333333333333333",NA,NA,NA,NA,NA,NA,NA,NA
"81","4","ouais j'ai mangé de la soupe!",NA,NA,NA,NA,"0.1428571429",NA,NA,NA,NA,NA,NA,NA,NA,NA,NA,NA,NA,NA,NA,NA,NA,"0.333333333333333","1",NA,NA,"0.1428571429",NA,NA,NA,NA
"82","3","bah oui!",NA,NA,NA,NA,"1",NA,NA,NA,NA,NA,NA,NA,NA,NA,NA,NA,NA,NA,NA,NA,NA,NA,NA,NA,NA,NA,"0.0125","0.0125",NA,NA
"83","5","je sais parler!",NA,NA,NA,NA,NA,NA,NA,NA,NA,NA,NA,NA,NA,NA,NA,"0.111111111111111","0.111111111111111",NA,NA,NA,NA,"0.333333333333333","1",NA,NA,"0.3333333333",NA,NA,NA,NA
"84","8","ouais moi aussi j'ai mangé de la soupe!",NA,NA,NA,NA,"0.1111111111",NA,NA,NA,NA,"0.822857142875951",NA,NA,"0.345644375860443",NA,NA,NA,NA,NA,NA,NA,NA,"0.333333333333333","1","0.0714285714285714","0.0714285714285714","0.2222222222",NA,NA,NA,NA
"85","1","d'accord mamie!",NA,NA,NA,NA,NA,NA,NA,NA,NA,NA,NA,NA,"0.370333259850475",NA,NA,NA,NA,NA,NA,NA,NA,NA,NA,NA,NA,NA,NA,NA,NA,NA
"86","5","ah oui c'est vrai!",NA,NA,NA,NA,"0.4",NA,NA,NA,NA,"0.822857142875951",NA,NA,NA,NA,NA,NA,NA,NA,NA,NA,NA,"0.333333333333333",NA,NA,NA,NA,"0.03625","0.03625",NA,NA
"87","12","bah si je vais y aller!",NA,"0.291666666739583","0.25","0.25","0.1666666667",NA,NA,NA,NA,NA,NA,NA,"0.39972478839828",NA,NA,"0.222222222222222","0.222222222222222",NA,NA,NA,NA,"0.333333333333333","0.5",NA,NA,"0.1666666667","0.125","0.125",NA,NA
"88","4","toi tu restes là pour surveiller les bébés?","0.0810810810810811",NA,NA,NA,NA,NA,NA,NA,NA,NA,NA,NA,NA,"0.375",NA,NA,NA,"1",NA,NA,NA,"0.333333333333333",NA,NA,NA,NA,NA,NA,NA,NA
"89","3","allez yyy .","0.027027027027027",NA,NA,NA,NA,NA,NA,NA,NA,NA,NA,NA,NA,"0.5",NA,NA,NA,"1",NA,NA,NA,NA,NA,NA,NA,NA,NA,NA,NA,NA
"90","3","euh oui!",NA,NA,NA,NA,"1",NA,NA,NA,NA,NA,NA,NA,NA,NA,NA,NA,NA,NA,NA,NA,NA,NA,NA,NA,NA,NA,"0.0125","0.0125",NA,NA
"91","5","à tout à l'heure!",NA,NA,NA,NA,NA,NA,NA,NA,NA,NA,"0.25","0.25",NA,NA,NA,NA,NA,NA,NA,"0.2",NA,NA,NA,NA,NA,NA,"0.275","0.275",NA,NA
"92","6","allez viens manger!","0.027027027027027",NA,NA,NA,NA,NA,NA,NA,NA,NA,NA,NA,NA,"0.3333333333",NA,"0.222222222222222","0.222222222222222","0.5",NA,NA,NA,"0.333333333333333",NA,NA,NA,NA,NA,NA,NA,NA
"93","0","d'accord papa!",NA,NA,NA,NA,NA,NA,NA,NA,NA,NA,NA,NA,NA,NA,NA,NA,NA,NA,NA,NA,NA,NA,NA,NA,NA,NA,NA,NA,NA,NA
"94","7","c'est bon on est revenus!","0.027027027027027",NA,NA,NA,NA,NA,NA,NA,"0.111111111111111",NA,NA,NA,NA,"0.1666666667",NA,NA,NA,"0.333333333333",NA,NA,NA,"0.333333333333333",NA,NA,NA,NA,"0.875","0.875",NA,NA
"95","3","oui c'était trop bien!",NA,NA,NA,NA,"0.2",NA,NA,NA,NA,NA,NA,NA,NA,NA,NA,NA,NA,NA,NA,"0.4",NA,"0.333333333333333",NA,NA,NA,NA,NA,NA,NA,NA
"96","3","euh oui!",NA,NA,NA,NA,"1",NA,NA,NA,NA,NA,NA,NA,NA,NA,NA,NA,NA,NA,NA,NA,NA,NA,NA,NA,NA,NA,"0.0125","0.0125",NA,NA
"97","5","oui c'est.",NA,NA,NA,NA,"0.3333333333",NA,NA,NA,NA,NA,NA,NA,"0.370333259850475",NA,NA,NA,NA,NA,NA,NA,NA,"0.333333333333333",NA,NA,NA,NA,"0.01","0.01",NA,NA
"98","7","c'est le son l et le son oi.",NA,NA,NA,NA,NA,NA,NA,"0.134557338427128","0.111111111111111","0.822857142875951",NA,NA,NA,NA,NA,NA,NA,NA,NA,NA,"0.1111111111","0.333333333333333",NA,"0.0714285714285714","0.0714285714285714",NA,NA,NA,NA,NA
"99","0","la phrase du son l!",NA,NA,NA,NA,NA,NA,NA,NA,NA,NA,NA,NA,NA,NA,NA,NA,NA,NA,NA,NA,NA,NA,NA,NA,NA,NA,NA,NA,NA,NA
"100","4","euh bah je l'ai pas appris!",NA,NA,NA,NA,"0.2857142857",NA,NA,NA,NA,NA,NA,NA,NA,NA,NA,NA,NA,NA,NA,NA,NA,"0.333333333333333","0.5",NA,NA,"0.1428571429",NA,NA,NA,NA
"101","6","il faut que je la révise!",NA,"0.291666666739583",NA,NA,NA,NA,NA,NA,NA,NA,NA,NA,NA,NA,NA,"0.111111111111111","0.111111111111111",NA,NA,NA,NA,"0.333333333333333","0.3333333333",NA,NA,"0.1666666667",NA,NA,NA,NA
"102","3","euh oui!",NA,NA,NA,NA,"1",NA,NA,NA,NA,NA,NA,NA,NA,NA,NA,NA,NA,NA,NA,NA,NA,NA,NA,NA,NA,NA,"0.0125","0.0125",NA,NA
"103","10","et toi tu disais fais doucement parce que il y a les.","0.027027027027027","0.145833333282292","0.25","0.25",NA,NA,NA,"0.175569439470307",NA,"0.870329670397036",NA,NA,NA,NA,NA,NA,NA,NA,NA,NA,"0.0833333333","0.666666666666667",NA,"0.0714285714285714","0.0714285714285714",NA,NA,NA,NA,NA
"104","5","ah bah y en a juste un là!",NA,NA,NA,NA,"0.125",NA,NA,NA,NA,NA,NA,NA,NA,NA,NA,NA,NA,NA,NA,"0.25",NA,"0.333333333333333",NA,NA,NA,NA,"0.275","0.275",NA,NA
"105","6","y avait plus xxx y a qu'un seul lit!",NA,NA,NA,NA,NA,NA,NA,"0.146732451575914",NA,"0.925714285735445",NA,NA,NA,NA,NA,NA,NA,NA,NA,"0.2",NA,"0.666666666666667",NA,NA,NA,NA,"0.0125","0.0125",NA,NA
"106","2","dans le grand?",NA,NA,NA,NA,NA,NA,NA,NA,NA,NA,NA,NA,NA,NA,NA,NA,NA,NA,NA,NA,NA,NA,NA,NA,NA,NA,"0.3","0.3",NA,NA
"107","5","et voilà!",NA,NA,"0.25","0.25",NA,NA,NA,NA,NA,NA,NA,NA,NA,NA,NA,NA,NA,NA,NA,NA,"0.5",NA,NA,"0.0714285714285714","0.0714285714285714",NA,NA,NA,NA,NA
"108","2","ah on a mangé de la soupe!",NA,NA,NA,NA,"0.1428571429",NA,NA,NA,NA,NA,NA,NA,NA,NA,NA,NA,NA,NA,NA,NA,NA,"0.333333333333333",NA,NA,NA,NA,NA,NA,NA,NA
"109","4","c'est celle que tu as fait ou c'est celle de papa?",NA,NA,NA,NA,NA,NA,NA,"0.195956799647444",NA,"0.881632653037295",NA,NA,NA,NA,NA,NA,NA,NA,NA,NA,"0.0769230769","0.666666666666667",NA,NA,NA,NA,NA,NA,NA,NA
"110","6","une compote et un petit gâteau!",NA,NA,NA,NA,NA,NA,NA,NA,"0.166666666666667",NA,NA,NA,NA,NA,NA,NA,NA,NA,NA,NA,"0.1666666667",NA,NA,"0.0714285714285714","0.0714285714285714",NA,"0.125","0.125",NA,NA
"111","3","une gaufre euh tu sais xxx!",NA,NA,NA,NA,"0.1666666667",NA,NA,NA,"0.111111111111111",NA,NA,NA,NA,NA,NA,NA,NA,NA,NA,NA,NA,"0.333333333333333",NA,NA,NA,NA,NA,NA,NA,NA
"112","6","ah non j'aime pas les devoirs!","0.0540540540540541",NA,NA,NA,"0.2857142857",NA,NA,NA,NA,NA,NA,NA,NA,"0.2857142857",NA,NA,NA,NA,NA,NA,NA,"0.333333333333333","1",NA,NA,"0.1428571429",NA,NA,NA,NA
"113","1","on la met où la couette?",NA,NA,NA,NA,NA,NA,NA,NA,NA,NA,NA,NA,NA,NA,NA,NA,NA,NA,NA,NA,NA,"0.333333333333333",NA,NA,NA,NA,NA,NA,NA,NA
"114","7","parce que y a une couette en trop!",NA,"0.218750000010938","0.25","0.25",NA,NA,NA,NA,"0.166666666666667","0.900000000020571",NA,NA,"0.339472154862935",NA,NA,NA,NA,NA,NA,NA,NA,"0.333333333333333",NA,NA,NA,NA,NA,NA,NA,NA
"115","3","ah oui!",NA,NA,NA,NA,"1",NA,NA,NA,NA,NA,NA,NA,NA,NA,NA,NA,NA,NA,NA,NA,NA,NA,NA,NA,NA,NA,"0.0125","0.0125",NA,NA
"116","7","allez tiens le cahier!","0.027027027027027",NA,NA,NA,NA,NA,NA,NA,NA,NA,NA,NA,"0.395022143840506","0.25",NA,"0.111111111111111","0.111111111111111","0.5",NA,NA,NA,"0.333333333333333",NA,NA,NA,NA,NA,NA,NA,NA
"117","2","alors a u z o o hum.",NA,NA,NA,NA,NA,"0.2","0.2",NA,NA,NA,NA,NA,NA,NA,NA,NA,NA,NA,NA,NA,NA,NA,NA,NA,NA,NA,NA,NA,NA,NA
"118","1","au zoo il y a.",NA,NA,NA,NA,NA,NA,NA,NA,NA,NA,NA,NA,NA,NA,NA,NA,NA,NA,NA,NA,NA,"0.333333333333333",NA,NA,NA,NA,NA,NA,NA,NA
"119","0","i l .",NA,NA,NA,NA,NA,NA,NA,NA,NA,NA,NA,NA,NA,NA,NA,NA,NA,NA,NA,NA,NA,NA,NA,NA,NA,NA,NA,NA,NA,NA
"120","1","heu le u là avec la boucle .",NA,NA,NA,NA,"0.1428571429",NA,NA,NA,NA,NA,NA,NA,NA,NA,NA,NA,NA,NA,NA,NA,NA,NA,NA,NA,NA,NA,NA,NA,NA,NA
"121","6","a il y a une u n e une be b e l l e une belle.",NA,NA,NA,NA,NA,NA,NA,"0.267939912646274","0.333333333333333","0.914285714318041",NA,NA,NA,NA,NA,NA,NA,NA,NA,NA,NA,"0.333333333333333",NA,NA,NA,NA,"0.8","0.8",NA,NA
"122","3","t i le a avec la petite boucle!",NA,NA,NA,NA,NA,NA,NA,NA,NA,NA,NA,NA,NA,NA,NA,NA,NA,NA,NA,NA,NA,"0.333333333333333",NA,NA,NA,NA,"0.125","0.125",NA,NA
"123","8","r euh après je sais plus.",NA,NA,NA,NA,"0.1666666667","0.2","0.2",NA,NA,NA,NA,NA,NA,NA,NA,NA,NA,NA,NA,NA,NA,"0.333333333333333","1",NA,NA,"0.1666666667","0.15","0.15",NA,NA
"124","2","tigresse blanche.",NA,NA,NA,NA,NA,NA,NA,NA,NA,NA,NA,NA,NA,NA,NA,NA,NA,NA,NA,NA,NA,NA,NA,NA,NA,NA,"0.05","0.05",NA,NA
"125","3","blanche euh b non!",NA,NA,NA,NA,"0.5",NA,NA,NA,NA,NA,NA,NA,NA,NA,NA,NA,NA,NA,NA,NA,NA,NA,NA,NA,NA,NA,"0.01875","0.01875",NA,NA
"126","3","b l bon a n c h e.",NA,NA,NA,NA,NA,NA,NA,NA,NA,"0.900000000020571",NA,NA,NA,NA,NA,NA,NA,NA,NA,NA,NA,NA,NA,NA,NA,NA,"0.7","0.7",NA,NA
"127","2","ah non pas la douche!",NA,NA,NA,NA,"0.2",NA,NA,NA,NA,NA,NA,NA,NA,NA,NA,NA,NA,NA,NA,"0.4",NA,NA,NA,NA,NA,NA,NA,NA,NA,NA
"128","2","bah où elle est?",NA,NA,NA,NA,NA,NA,NA,NA,NA,NA,NA,NA,NA,NA,NA,NA,NA,NA,NA,"0.25",NA,"0.333333333333333",NA,NA,NA,NA,NA,NA,NA,NA
"129","2","y a pas de douche!",NA,NA,NA,NA,NA,NA,NA,NA,NA,NA,NA,NA,NA,NA,NA,NA,NA,NA,NA,"0.2",NA,"0.333333333333333",NA,NA,NA,NA,NA,NA,NA,NA
"130","2","yyy voilà!",NA,NA,"0.25","0.25",NA,NA,NA,NA,NA,NA,NA,NA,NA,NA,NA,NA,NA,NA,NA,NA,NA,NA,NA,NA,NA,NA,NA,NA,NA,NA
"131","0","miaou miaou.",NA,NA,NA,NA,NA,NA,NA,NA,NA,NA,NA,NA,NA,NA,NA,NA,NA,NA,NA,NA,NA,NA,NA,NA,NA,NA,NA,NA,NA,NA
"132","11","attends ils vont faire leur douche ils sont tout sales!","0.162162162162162",NA,NA,NA,NA,NA,NA,NA,"0.166666666666667","0.841558441596378",NA,NA,"0.448888799823246","0.6","0.4","0.111111111111111","0.111111111111111","1","1",NA,NA,"0.333333333333333",NA,NA,NA,NA,NA,NA,NA,NA
"133","0","miaou miaou .",NA,NA,NA,NA,NA,NA,NA,NA,NA,NA,NA,NA,NA,NA,NA,NA,NA,NA,NA,NA,NA,NA,NA,NA,NA,NA,NA,NA,NA,NA
"134","7","non on fait une petite une petite balade une petite balade!",NA,NA,NA,NA,NA,NA,NA,"0.147575824024041","0.444444444444444","0.857142857128163",NA,NA,"0.329185119883548",NA,NA,NA,NA,NA,NA,NA,NA,"0.333333333333333",NA,NA,NA,NA,"0.07875","0.07875",NA,NA
"135","1","ouh ouh yououh@o!",NA,NA,NA,NA,"0.3333333333",NA,NA,NA,NA,NA,NA,NA,NA,NA,NA,NA,NA,NA,NA,NA,NA,NA,NA,NA,NA,NA,NA,NA,NA,NA
"136","3","aïe je suis tombée!",NA,NA,NA,NA,NA,NA,NA,NA,NA,NA,NA,NA,NA,NA,NA,NA,NA,NA,NA,NA,NA,"0.333333333333333","1",NA,NA,"0.25",NA,NA,NA,NA
"137","1","ah ouais!",NA,NA,NA,NA,"1",NA,NA,NA,NA,NA,NA,NA,NA,NA,NA,NA,NA,NA,NA,NA,NA,NA,NA,NA,NA,NA,NA,NA,NA,NA
"138","2","oh il est quelle heure?",NA,NA,NA,NA,"0.2",NA,NA,NA,NA,NA,NA,NA,NA,NA,NA,NA,NA,NA,NA,NA,NA,"0.333333333333333",NA,NA,NA,NA,NA,NA,NA,NA
"139","4","oh pourquoi pas vingt heure trente?","0.0540540540540541",NA,NA,NA,"0.1666666667",NA,NA,NA,NA,NA,NA,NA,NA,"0.3333333333",NA,NA,NA,NA,NA,"0.3333333333",NA,NA,NA,NA,NA,NA,NA,NA,NA,NA
"140","3","et le week end?",NA,NA,NA,NA,NA,NA,NA,NA,NA,NA,NA,NA,NA,NA,NA,NA,NA,NA,NA,NA,"0.25",NA,NA,"0.0714285714285714","0.0714285714285714",NA,NA,NA,NA,NA
"141","8","je vais faire des bains de bouche!","0.0540540540540541",NA,NA,NA,NA,NA,NA,NA,NA,NA,NA,NA,"0.339472154862935","0.2857142857",NA,"0.111111111111111","0.111111111111111",NA,NA,NA,NA,"0.333333333333333","1",NA,NA,"0.1428571429",NA,NA,NA,NA
"142","5","et voilà!",NA,NA,"0.25","0.25",NA,NA,NA,NA,NA,NA,NA,NA,NA,NA,NA,NA,NA,NA,NA,NA,"0.5",NA,NA,"0.0714285714285714","0.0714285714285714",NA,NA,NA,NA,NA
"143","1","il est quelle heure?",NA,NA,NA,NA,NA,NA,NA,NA,NA,NA,NA,NA,NA,NA,NA,NA,NA,NA,NA,NA,NA,"0.333333333333333",NA,NA,NA,NA,NA,NA,NA,NA
"144","1","pourquoi pas dehors?",NA,NA,NA,NA,NA,NA,NA,NA,NA,NA,NA,NA,NA,NA,NA,NA,NA,NA,NA,"1",NA,NA,NA,NA,NA,NA,NA,NA,NA,NA
"145","4","bah je mets un gros manteau!",NA,NA,NA,NA,"0.1666666667",NA,NA,NA,NA,NA,NA,NA,NA,NA,NA,NA,NA,NA,NA,NA,NA,"0.333333333333333","1",NA,NA,"0.1666666667",NA,NA,NA,NA
"146","2","ah elle est tombée!",NA,NA,NA,NA,"0.25",NA,NA,NA,NA,NA,NA,NA,NA,NA,NA,NA,NA,NA,NA,NA,NA,"0.333333333333333",NA,NA,NA,NA,NA,NA,NA,NA
"147","4","ah non y a les jumeaux!","0.0540540540540541",NA,NA,NA,"0.3333333333",NA,NA,NA,NA,NA,NA,NA,NA,"0.3333333333",NA,NA,NA,NA,NA,NA,NA,"0.333333333333333",NA,NA,NA,NA,NA,NA,NA,NA
"148","15","si parce que là c'est euh pour eux c'est la nuit!","0.027027027027027","0.269230769163462","0.5","0.5",NA,NA,NA,"0.196514812722658",NA,"0.881632653037295","0.25","0.25","0.335063425593109",NA,"0.1538461538",NA,NA,NA,"1","0.2307692308",NA,"0.333333333333333",NA,NA,NA,NA,"0.125","0.125",NA,NA
"149","3","ah oui!",NA,NA,NA,NA,"1",NA,NA,NA,NA,NA,NA,NA,NA,NA,NA,NA,NA,NA,NA,NA,NA,NA,NA,NA,NA,NA,"0.0125","0.0125",NA,NA
"150","2","ah il a bien mangé le biberon!",NA,NA,NA,NA,"0.1428571429",NA,NA,NA,NA,NA,NA,NA,NA,NA,NA,NA,NA,NA,NA,NA,NA,"0.333333333333333",NA,NA,NA,NA,NA,NA,NA,NA
"151","2","oh déjà?",NA,NA,NA,NA,"0.5",NA,NA,NA,NA,NA,NA,NA,NA,NA,NA,NA,NA,NA,NA,"0.5",NA,NA,NA,NA,NA,NA,NA,NA,NA,NA
"152","3","ah oui!",NA,NA,NA,NA,"1",NA,NA,NA,NA,NA,NA,NA,NA,NA,NA,NA,NA,NA,NA,NA,NA,NA,NA,NA,NA,NA,"0.0125","0.0125",NA,NA
"153","13","yyy j'ai bu de l'eau ah oui me laver les mains !","0.0540540540540541",NA,NA,NA,"0.1538461538",NA,NA,"0.197587357336516",NA,"0.881632653037295",NA,NA,"0.352698342721792","0.1538461538",NA,"0.111111111111111","0.111111111111111",NA,NA,NA,NA,"0.666666666666667","1",NA,NA,"0.1538461538","0.0125","0.0125",NA,NA
"154","5","et voilà!",NA,NA,"0.25","0.25",NA,NA,NA,NA,NA,NA,NA,NA,NA,NA,NA,NA,NA,NA,NA,NA,"0.5",NA,NA,"0.0714285714285714","0.0714285714285714",NA,NA,NA,NA,NA
"155","7","attends je suis pas installée!","0.027027027027027",NA,NA,NA,NA,NA,NA,NA,NA,NA,NA,NA,NA,"0.2",NA,NA,NA,"0.333333333333",NA,"0.2",NA,"0.333333333333333","1",NA,NA,"0.2",NA,NA,NA,NA
"156","1","c'est fini!",NA,NA,NA,NA,NA,NA,NA,NA,NA,NA,NA,NA,NA,NA,NA,NA,NA,NA,NA,NA,NA,"0.333333333333333",NA,NA,NA,NA,NA,NA,NA,NA
"157","3","à demain!",NA,NA,NA,NA,NA,NA,NA,NA,NA,NA,"0.25","0.25",NA,NA,NA,NA,NA,NA,NA,"0.5",NA,NA,NA,NA,NA,NA,NA,NA,NA,NA
"158","11","je viens vous dire bonne nuit!","0.027027027027027",NA,NA,NA,NA,NA,NA,NA,NA,NA,NA,NA,NA,"0.1666666667","0.3333333334","0.111111111111111","0.111111111111111",NA,"0.5",NA,NA,"0.333333333333333","0.5",NA,NA,"0.1666666667","0.875","0.875",NA,NA
"159","12","voilà euh les jumeaux ils sont déja couchés?","0.135135135135135",NA,"0.25","0.25",NA,NA,NA,NA,NA,NA,NA,NA,"0.411481399817402","0.625","0.25","0.111111111111111","0.111111111111111","1","1","0.25",NA,"0.333333333333333",NA,NA,NA,NA,NA,NA,NA,NA
"160","7","si il est là!",NA,"0.437500000021875","0.25","0.25",NA,NA,NA,NA,NA,NA,NA,NA,NA,NA,NA,NA,NA,NA,NA,"0.25",NA,"0.333333333333333",NA,NA,NA,NA,"0.125","0.125",NA,NA
"161","6","si il dort!",NA,"0.583333333304167","0.25","0.25",NA,NA,NA,NA,NA,NA,NA,NA,NA,NA,NA,NA,NA,NA,NA,NA,NA,"0.333333333333333",NA,NA,NA,NA,"0.125","0.125",NA,NA
"162","1","bah d'accord!",NA,NA,NA,NA,"0.3333333333",NA,NA,NA,NA,NA,NA,NA,NA,NA,NA,NA,NA,NA,NA,NA,NA,NA,NA,NA,NA,NA,NA,NA,NA,NA
"163","3","ah oui!",NA,NA,NA,NA,"1",NA,NA,NA,NA,NA,NA,NA,NA,NA,NA,NA,NA,NA,NA,NA,NA,NA,NA,NA,NA,NA,"0.0125","0.0125",NA,NA
"164","1","ah le sac!",NA,NA,NA,NA,"0.3333333333",NA,NA,NA,NA,NA,NA,NA,NA,NA,NA,NA,NA,NA,NA,NA,NA,NA,NA,NA,NA,NA,NA,NA,NA,NA
"165","3","on le met sur la table voilà!",NA,NA,"0.25","0.25",NA,NA,NA,NA,NA,NA,NA,NA,NA,NA,NA,NA,NA,NA,NA,NA,NA,"0.333333333333333",NA,NA,NA,NA,NA,NA,NA,NA
"166","2","bonne nuit!",NA,NA,NA,NA,NA,NA,NA,NA,NA,NA,NA,NA,NA,NA,NA,NA,NA,NA,NA,NA,NA,NA,NA,NA,NA,NA,"0.875","0.875",NA,NA
"167","7","he j'ai fait tout tomber ma couette!",NA,NA,NA,NA,NA,NA,NA,NA,NA,NA,NA,NA,NA,NA,NA,"0.111111111111111","0.111111111111111",NA,NA,NA,NA,"0.666666666666667","1",NA,NA,"0.125","0.275","0.275",NA,NA
"168","5","et voilà!",NA,NA,"0.25","0.25",NA,NA,NA,NA,NA,NA,NA,NA,NA,NA,NA,NA,NA,NA,NA,NA,"0.5",NA,NA,"0.0714285714285714","0.0714285714285714",NA,NA,NA,NA,NA
"169","1","on fait notre lit!",NA,NA,NA,NA,NA,NA,NA,NA,NA,NA,NA,NA,NA,NA,NA,NA,NA,NA,NA,NA,NA,"0.333333333333333",NA,NA,NA,NA,NA,NA,NA,NA
"170","4","ah bah c'est normal!",NA,NA,NA,NA,"0.4",NA,NA,NA,NA,NA,NA,NA,NA,NA,NA,NA,NA,NA,NA,NA,NA,"0.333333333333333",NA,NA,NA,NA,"0.2125","0.2125",NA,NA
"171","3","c'est c'est pour filmer!",NA,NA,NA,NA,NA,NA,NA,NA,NA,NA,NA,NA,NA,NA,NA,"0.111111111111111","0.111111111111111",NA,NA,NA,NA,"0.333333333333333",NA,NA,NA,NA,NA,NA,NA,NA
"172","6","m mais hé on joue!",NA,NA,NA,NA,"0.2",NA,NA,NA,NA,NA,NA,NA,"0.493777679800633",NA,NA,NA,NA,NA,NA,NA,"0.2","0.333333333333333",NA,NA,NA,NA,NA,NA,"0.166666666666667","0.166666666666667"
"173","8","bah pourquoi on s'est pas couchés à vingt heures trente?","0.108108108108108",NA,NA,NA,"0.0909090909",NA,NA,"0.149824689625288",NA,"0.857142857128163",NA,NA,NA,"0.3636363636",NA,NA,NA,"0.5",NA,"0.1818181818",NA,"0.333333333333333",NA,NA,NA,NA,NA,NA,NA,NA
"174","1","bah non!",NA,NA,NA,NA,"1",NA,NA,NA,NA,NA,NA,NA,NA,NA,NA,NA,NA,NA,NA,NA,NA,NA,NA,NA,NA,NA,NA,NA,NA,NA
"175","0","miaou miaou.",NA,NA,NA,NA,NA,NA,NA,NA,NA,NA,NA,NA,NA,NA,NA,NA,NA,NA,NA,NA,NA,NA,NA,NA,NA,NA,NA,NA,NA,NA
"176","13","assis assis mais hé on s assis vous deux!","0.0540540540540541",NA,NA,NA,"0.1111111111",NA,NA,NA,NA,"0.822857142875951",NA,NA,"0.340706599062437","0.2222222222","0.2222222222","0.111111111111111","0.111111111111111",NA,"1",NA,"0.1111111111","0.333333333333333",NA,NA,NA,NA,NA,NA,"0.166666666666667","0.166666666666667"
"177","6","non on vient avec vous mia mia miaou!","0.027027027027027",NA,NA,NA,NA,NA,NA,NA,"0.111111111111111",NA,NA,NA,NA,"0.125","0.25",NA,NA,NA,"1",NA,NA,"0.333333333333333",NA,NA,NA,NA,NA,NA,NA,NA
"178","3","bah si!",NA,NA,NA,NA,"0.5",NA,NA,NA,NA,NA,NA,NA,NA,NA,NA,NA,NA,NA,NA,NA,NA,NA,NA,NA,NA,NA,"0.125","0.125",NA,NA
"179","8","ils vont jouer!","0.0540540540540541",NA,NA,NA,NA,NA,NA,NA,NA,NA,NA,NA,NA,"0.6666666667","0.6666666666","0.111111111111111","0.111111111111111","1","1",NA,NA,"0.333333333333333",NA,NA,NA,NA,NA,NA,NA,NA
"180","7","allez on y va!","0.027027027027027",NA,NA,NA,NA,NA,NA,NA,NA,NA,NA,NA,"0.555499889775712","0.25",NA,"0.111111111111111","0.111111111111111","0.5",NA,NA,NA,"0.333333333333333",NA,NA,NA,NA,NA,NA,NA,NA
"181","6","allez viens Eloïse!","0.027027027027027",NA,NA,NA,NA,NA,NA,NA,NA,NA,NA,NA,NA,"0.3333333333",NA,"0.111111111111111","0.111111111111111","0.5",NA,NA,NA,"0.333333333333333",NA,NA,NA,NA,NA,NA,NA,NA
"182","6","je pars xxx tout le monde!",NA,NA,NA,NA,NA,NA,NA,NA,"0.166666666666667",NA,NA,NA,NA,NA,NA,NA,NA,NA,NA,NA,NA,"0.333333333333333","1",NA,NA,"0.1666666667","0.275","0.275",NA,NA
"183","8","et voilà ouais on va jouer!",NA,NA,"0.25","0.25",NA,NA,NA,NA,NA,NA,NA,NA,NA,NA,NA,"0.222222222222222","0.222222222222222",NA,NA,NA,"0.1666666667","0.333333333333333",NA,"0.0714285714285714","0.0714285714285714",NA,NA,NA,NA,NA
"184","2","ouais ouais!",NA,NA,NA,NA,"0.5",NA,NA,NA,NA,NA,NA,NA,NA,NA,NA,NA,NA,NA,NA,"0.5",NA,NA,NA,NA,NA,NA,NA,NA,NA,NA
"185","9","là tu disais tu disais ne vous mettez pas dans la terre vous allez être sales!","0.135135135135135",NA,NA,NA,NA,NA,NA,"0.239801894363332",NA,"0.90756302525503",NA,NA,NA,"0.3125","0.25",NA,NA,"0.5","0.5","0.1875",NA,"0.666666666666667",NA,NA,NA,NA,NA,NA,NA,NA
"186","6","m bah ils étaient dans la terre!","0.0540540540540541",NA,NA,NA,NA,NA,NA,NA,NA,NA,NA,NA,NA,"0.2857142857","0.2857142858",NA,NA,"1","1",NA,NA,"0.333333333333333",NA,NA,NA,NA,NA,NA,NA,NA
"187","1","miaou miaou on a faim!",NA,NA,NA,NA,NA,NA,NA,NA,NA,NA,NA,NA,NA,NA,NA,NA,NA,NA,NA,NA,NA,"0.333333333333333",NA,NA,NA,NA,NA,NA,NA,NA
"188","6","xxx ils ont!","0.0540540540540541",NA,NA,NA,NA,NA,NA,NA,NA,NA,NA,NA,NA,"0.6666666667","0.6666666666",NA,NA,"1","1",NA,NA,"0.333333333333333",NA,NA,NA,NA,NA,NA,NA,NA
"189","10","euh bah ils ont un an!","0.0540540540540541",NA,NA,NA,"0.3333333333",NA,NA,NA,"0.111111111111111","0.857142857128163",NA,NA,"0.329185119883548","0.3333333333","0.3333333334",NA,NA,"1","1",NA,NA,"0.333333333333333",NA,NA,NA,NA,NA,NA,NA,NA
"190","6","ils ont faim!","0.0540540540540541",NA,NA,NA,NA,NA,NA,NA,NA,NA,NA,NA,NA,"0.6666666667","0.6666666666",NA,NA,"1","1",NA,NA,"0.333333333333333",NA,NA,NA,NA,NA,NA,NA,NA
"191","6","euh je vais chercher la gamelle!",NA,NA,NA,NA,"0.1666666667",NA,NA,NA,NA,NA,NA,NA,NA,NA,NA,"0.111111111111111","0.111111111111111",NA,NA,NA,NA,"0.333333333333333","1",NA,NA,"0.1666666667",NA,NA,NA,NA
"192","7","euh la gamelle ils étaient dans ça!","0.0540540540540541",NA,NA,NA,"0.1428571429",NA,NA,NA,NA,NA,NA,NA,NA,"0.2857142857","0.2857142858",NA,NA,"1","1",NA,NA,"0.333333333333333",NA,NA,NA,NA,NA,NA,NA,NA
"193","7","allez venez les chats!","0.108108108108108",NA,NA,NA,NA,NA,NA,NA,NA,NA,NA,NA,"0.395022143840506","1",NA,"0.111111111111111","0.111111111111111","1",NA,NA,NA,"0.333333333333333",NA,NA,NA,NA,NA,NA,NA,NA
"194","13","allez va dans la balançoire pendant qu'ils mangent!","0.0810810810810811","0.194444444434722",NA,NA,NA,"0.2","0.2",NA,NA,"0.822857142875951",NA,NA,"0.469088795810601","0.3333333333","0.2222222222","0.111111111111111","0.111111111111111","0.666666666667","1",NA,NA,"0.333333333333333",NA,NA,NA,NA,NA,NA,NA,NA
"195","9","allez mange laisse les tranquilles!","0.0810810810810811",NA,NA,NA,NA,NA,NA,NA,NA,NA,NA,NA,"0.370333259850475","0.6",NA,"0.222222222222222","0.222222222222222","0.333333333333",NA,NA,NA,"0.333333333333333",NA,NA,NA,NA,"0.1875","0.1875",NA,NA
"196","2","on met la poussette là?",NA,NA,NA,NA,NA,NA,NA,NA,NA,NA,NA,NA,NA,NA,NA,NA,NA,NA,NA,"0.2",NA,"0.333333333333333",NA,NA,NA,NA,NA,NA,NA,NA
"197","4","allez wouh ouais!","0.027027027027027",NA,NA,NA,NA,NA,NA,NA,NA,NA,NA,NA,NA,"0.3333333333",NA,NA,NA,"1",NA,"0.3333333333",NA,NA,NA,NA,NA,NA,NA,NA,NA,NA
"198","6","bah oui toi aussi tu en fais!",NA,NA,NA,NA,"0.2857142857",NA,NA,NA,NA,NA,NA,NA,NA,NA,NA,NA,NA,NA,NA,NA,NA,"0.333333333333333",NA,"0.0714285714285714","0.0714285714285714",NA,"0.0125","0.0125",NA,NA
"199","3","ah oui!",NA,NA,NA,NA,"1",NA,NA,NA,NA,NA,NA,NA,NA,NA,NA,NA,NA,NA,NA,NA,NA,NA,NA,NA,NA,NA,"0.0125","0.0125",NA,NA
"200","6","allez on vous pousse les deux.","0.108108108108108",NA,NA,NA,NA,NA,NA,NA,NA,NA,NA,NA,NA,"0.6666666667","0.3333333334",NA,NA,"0.5","1",NA,NA,"0.333333333333333",NA,NA,NA,NA,NA,NA,NA,NA
"201","6","tu me pousses?","0.027027027027027",NA,NA,NA,NA,NA,NA,NA,NA,NA,NA,NA,NA,"0.3333333333",NA,NA,NA,"1",NA,NA,NA,"0.333333333333333","0.5",NA,NA,"0.3333333333",NA,NA,NA,NA
"202","4","ah je l'ai mis debout!",NA,NA,NA,NA,"0.1666666667",NA,NA,NA,NA,NA,NA,NA,NA,NA,NA,NA,NA,NA,NA,NA,NA,"0.333333333333333","0.5",NA,NA,"0.1666666667",NA,NA,NA,NA
"203","3","allez oh .","0.027027027027027",NA,NA,NA,NA,NA,NA,NA,NA,NA,NA,NA,NA,"0.5",NA,NA,NA,"1",NA,NA,NA,NA,NA,NA,NA,NA,NA,NA,NA,NA
"204","10","je me démonte à chaque fois que quelqu un me démonte!",NA,"0.159090909082955",NA,NA,NA,NA,NA,"0.154035331600905","0.166666666666667","0.857142857128163",NA,NA,"0.342901166506272",NA,NA,"0.111111111111111","0.111111111111111",NA,NA,NA,NA,"0.333333333333333","1",NA,NA,"0.2727272727",NA,NA,NA,NA
"205","1","miaou miaou on a oublié le panier!",NA,NA,NA,NA,NA,NA,NA,NA,NA,NA,NA,NA,NA,NA,NA,NA,NA,NA,NA,NA,NA,"0.333333333333333",NA,NA,NA,NA,NA,NA,NA,NA
"206","4","ah oh allez les jumeaux!","0.0810810810810811",NA,NA,NA,"0.2",NA,NA,NA,NA,NA,NA,NA,NA,"0.6",NA,NA,NA,"1",NA,NA,NA,NA,NA,NA,NA,NA,NA,NA,NA,NA
"207","3","c'est des jumeaux!","0.0540540540540541",NA,NA,NA,NA,NA,NA,NA,NA,NA,NA,NA,NA,"0.5",NA,NA,NA,NA,NA,NA,NA,"0.333333333333333",NA,NA,NA,NA,NA,NA,NA,NA
"208","11","allez je les pousse je pousse tout!","0.0540540540540541",NA,NA,NA,NA,NA,NA,NA,NA,NA,NA,NA,"0.401194364838014","0.2857142857","0.2857142858",NA,NA,"0.333333333333","0.3333333333",NA,NA,"0.333333333333333","0.6666666667",NA,NA,"0.2857142857","0.275","0.275",NA,NA
"209","5","allez allez miaou miaou miaou miaou miaou.","0.0540540540540541",NA,NA,NA,NA,NA,NA,NA,NA,NA,NA,NA,NA,"0.2857142857",NA,"0.111111111111111","0.111111111111111","1",NA,NA,NA,NA,NA,NA,NA,NA,NA,NA,NA,NA
"210","5","oh attendez je .","0.027027027027027",NA,NA,NA,NA,NA,NA,NA,NA,NA,NA,NA,NA,"0.3333333333",NA,NA,NA,"1",NA,NA,NA,NA,"1",NA,NA,"0.3333333333",NA,NA,NA,NA
"211","5","allez on met le panier!","0.027027027027027",NA,NA,NA,NA,NA,NA,NA,NA,NA,NA,NA,"0.370333259850475","0.2",NA,NA,NA,"0.5",NA,NA,NA,"0.333333333333333",NA,NA,NA,NA,NA,NA,NA,NA
"212","1","euh d'accord!",NA,NA,NA,NA,"0.3333333333",NA,NA,NA,NA,NA,NA,NA,NA,NA,NA,NA,NA,NA,NA,NA,NA,NA,NA,NA,NA,NA,NA,NA,NA,NA
"213","3","euh on disait que c'était le panier!",NA,"0.218750000010938",NA,NA,"0.125",NA,NA,NA,NA,NA,NA,NA,NA,NA,NA,NA,NA,NA,NA,NA,NA,"0.333333333333333",NA,NA,NA,NA,NA,NA,NA,NA
"214","5","et voilà!",NA,NA,"0.25","0.25",NA,NA,NA,NA,NA,NA,NA,NA,NA,NA,NA,NA,NA,NA,NA,NA,"0.5",NA,NA,"0.0714285714285714","0.0714285714285714",NA,NA,NA,NA,NA
"215","10","ah les les chats ils se mettent bien au chaud!","0.135135135135135",NA,NA,NA,"0.0909090909",NA,NA,"0.158760341773415",NA,NA,NA,NA,NA,"0.4545454545","0.1818181818",NA,NA,"1","1",NA,NA,"0.333333333333333",NA,NA,NA,NA,"0.15625","0.15625",NA,NA
"216","5","maman papa c'est quand qu'on va au lit?",NA,"0.318181818165909",NA,NA,NA,"0.2","0.2","0.162887249391657",NA,NA,NA,NA,NA,NA,NA,NA,NA,NA,NA,NA,NA,"0.333333333333333",NA,NA,NA,NA,NA,NA,NA,NA
"217","11","bientôt bientôt vous pouvez y aller!","0.0540540540540541",NA,NA,NA,NA,"0.2","0.2",NA,NA,NA,NA,NA,NA,"0.3333333333","0.3333333334","0.111111111111111","0.111111111111111","1","1","0.3333333333",NA,"0.333333333333333",NA,NA,NA,NA,NA,NA,NA,NA
"218","12","ouais tu viendras nous dire bonne nuit?","0.027027027027027",NA,NA,NA,"0.1428571429",NA,NA,NA,NA,NA,NA,NA,NA,"0.1428571429","0.2857142858","0.111111111111111","0.111111111111111",NA,"0.5",NA,NA,"0.333333333333333","0.5",NA,NA,"0.1428571429","0.7","0.7",NA,NA
"219","6","mais oui!",NA,NA,NA,NA,"0.5",NA,NA,NA,NA,NA,NA,NA,NA,NA,NA,NA,NA,NA,NA,NA,"0.5",NA,NA,NA,NA,NA,"0.0125","0.0125","0.166666666666667","0.166666666666667"
"220","7","non là c'est l'après midi!",NA,NA,NA,NA,NA,"0.2","0.2",NA,NA,"0.881632653037295","0.25","0.25",NA,NA,NA,NA,NA,NA,NA,"0.2857142857",NA,"0.333333333333333",NA,NA,NA,NA,NA,NA,NA,NA
"221","8","oh y a le soleil il faut pas qu'elle soit toute chaude la poussette!",NA,"0.116666666730833",NA,NA,NA,NA,NA,"0.225066182234931","0.111111111111111","0.900000000020571",NA,NA,"0.33175687861605",NA,NA,NA,NA,NA,NA,NA,NA,"0.333333333333333",NA,NA,NA,NA,"0.26625","0.26625",NA,NA
"222","9","ouais on va faire un gâteau d'anniversaire vu que c'est l'anniversaire d'Eloïse!",NA,"0.109375000005469",NA,NA,"0.0625",NA,NA,"0.236769970003554","0.111111111111111","0.90756302525503",NA,NA,"0.396958526884993",NA,NA,"0.111111111111111","0.111111111111111",NA,NA,NA,NA,"0.333333333333333",NA,NA,NA,NA,NA,NA,NA,NA
"223","14","allez va au va au lit parce que on va préparer un petit truc pour te reposer!","0.027027027027027","0.0921052630796053","0.25","0.25",NA,NA,NA,"0.293585404155786","0.111111111111111","0.841558441596378",NA,NA,"0.424573989804634",NA,NA,"0.333333333333333","0.333333333333333","0.25",NA,NA,NA,"0.333333333333333",NA,NA,NA,NA,"0.125","0.125",NA,NA
"224","5","ou va jouer dehors!",NA,NA,NA,NA,NA,NA,NA,NA,NA,NA,NA,NA,NA,NA,NA,"0.111111111111111","0.111111111111111",NA,NA,"0.25","0.25","0.333333333333333",NA,NA,NA,NA,NA,NA,NA,NA
"225","7","je vais jouer dehors euh!",NA,NA,NA,NA,NA,NA,NA,NA,NA,"0.822857142875951",NA,NA,NA,NA,NA,"0.111111111111111","0.111111111111111",NA,NA,"0.2",NA,"0.333333333333333","1",NA,NA,"0.2",NA,NA,NA,NA
"226","0","yeah yeah yeah!",NA,NA,NA,NA,NA,NA,NA,NA,NA,NA,NA,NA,NA,NA,NA,NA,NA,NA,NA,NA,NA,NA,NA,NA,NA,NA,NA,NA,NA,NA
"227","2","au moins elle sera pas chaude!",NA,NA,NA,NA,NA,NA,NA,NA,NA,NA,NA,NA,NA,NA,NA,NA,NA,NA,NA,"0.2857142857",NA,"0.333333333333333",NA,NA,NA,NA,NA,NA,NA,NA
"228","1","au moins.",NA,NA,NA,NA,NA,NA,NA,NA,NA,NA,NA,NA,NA,NA,NA,NA,NA,NA,NA,"0.3333333333",NA,NA,NA,NA,NA,NA,NA,NA,NA,NA
"229","1","un train un train!",NA,NA,NA,NA,NA,NA,NA,NA,"0.111111111111111",NA,NA,NA,NA,NA,NA,NA,NA,NA,NA,NA,NA,NA,NA,NA,NA,NA,NA,NA,NA,NA
"230","6","tu veux faire un gâteau à quoi au chocolat à la fraise?",NA,NA,NA,NA,NA,NA,NA,"0.192949326575781",NA,"0.822857142875951",NA,NA,"0.356617213178373",NA,NA,"0.111111111111111","0.111111111111111",NA,NA,NA,NA,"0.333333333333333",NA,NA,NA,NA,NA,NA,NA,NA
"231","4","ah euh à la fraise euh non à la framboise!",NA,NA,NA,NA,"0.3",NA,NA,"0.142911293982792",NA,"0.841558441596378",NA,NA,"0.411481399817402",NA,NA,NA,NA,NA,NA,NA,NA,NA,NA,NA,NA,NA,NA,NA,NA,NA
"232","2","à la framboise elle a dit!",NA,NA,NA,NA,NA,NA,NA,NA,NA,"0.857142857128163",NA,NA,NA,NA,NA,NA,NA,NA,NA,NA,NA,"0.333333333333333",NA,NA,NA,NA,NA,NA,NA,NA
"233","7","allez on prépare!","0.027027027027027",NA,NA,NA,NA,NA,NA,NA,NA,NA,NA,NA,"0.370333259850475","0.3333333333",NA,"0.111111111111111","0.111111111111111","0.5",NA,NA,NA,"0.333333333333333",NA,NA,NA,NA,NA,NA,NA,NA
"234","5","attends il faut la gamelle!","0.027027027027027",NA,NA,NA,NA,NA,NA,NA,NA,NA,NA,NA,"0.370333259850475","0.2",NA,NA,NA,"0.5",NA,NA,NA,"0.333333333333333",NA,NA,NA,NA,NA,NA,NA,NA
"235","6","voilà bah on n'a pas de four!",NA,NA,"0.25","0.25",NA,NA,NA,NA,NA,NA,NA,NA,NA,NA,NA,"0.111111111111111","0.111111111111111",NA,NA,"0.25",NA,"0.333333333333333",NA,NA,NA,NA,NA,NA,NA,NA
"236","4","oh on dit que c'est ça!",NA,"0.2500000000875",NA,NA,"0.2857142857",NA,NA,NA,NA,"0.881632653037295",NA,NA,NA,NA,NA,NA,NA,NA,NA,NA,NA,"0.333333333333333",NA,NA,NA,NA,NA,NA,NA,NA
"237","2","tu mets dedans!",NA,NA,NA,NA,NA,NA,NA,NA,NA,NA,NA,NA,NA,NA,NA,NA,NA,NA,NA,"0.3333333333",NA,"0.333333333333333",NA,NA,NA,NA,NA,NA,NA,NA
"238","0","miaou miaou.",NA,NA,NA,NA,NA,NA,NA,NA,NA,NA,NA,NA,NA,NA,NA,NA,NA,NA,NA,NA,NA,NA,NA,NA,NA,NA,NA,NA,NA,NA
"239","3","maman tu pourras acheter ça?",NA,NA,NA,NA,NA,NA,NA,NA,NA,NA,NA,NA,NA,NA,NA,"0.111111111111111","0.111111111111111",NA,NA,NA,NA,"0.333333333333333",NA,NA,NA,NA,NA,NA,NA,NA
"240","9","parce que y a plein de petits chats!","0.0810810810810811","0.218750000010938","0.25","0.25",NA,NA,NA,NA,NA,NA,NA,NA,NA,"0.375",NA,NA,NA,NA,NA,"0.25",NA,"0.333333333333333",NA,NA,NA,NA,"0.1875","0.1875",NA,NA
"241","6","mais on n'en a pas beaucoup!",NA,NA,NA,NA,NA,NA,NA,NA,"0.111111111111111",NA,NA,NA,NA,NA,NA,NA,NA,NA,NA,"0.4285714286","0.1428571429","0.333333333333333",NA,NA,NA,NA,NA,NA,"0.166666666666667","0.166666666666667"
"242","15","non parce que là ils vont tous dans la cheminée!","0.0810810810810811","0.17500000000875","0.25","0.25",NA,NA,NA,"0.136224268194827","0.111111111111111","0.841558441596378",NA,NA,NA,"0.3","0.2",NA,NA,"1","1","0.3",NA,"0.333333333333333",NA,NA,NA,NA,"0.1325","0.1325",NA,NA
"243","0","miaou miaou miaou!",NA,NA,NA,NA,NA,NA,NA,NA,NA,NA,NA,NA,NA,NA,NA,NA,NA,NA,NA,NA,NA,NA,NA,NA,NA,NA,NA,NA,NA,NA
"244","11","attends je vais faire la douche moi aussi.","0.027027027027027",NA,NA,NA,NA,NA,NA,NA,NA,NA,NA,NA,"0.384049306522576","0.125",NA,"0.111111111111111","0.111111111111111","0.5",NA,NA,NA,"0.333333333333333","1","0.0714285714285714","0.0714285714285714","0.25",NA,NA,NA,NA
"245","4","oh on m'entend!",NA,NA,NA,NA,"0.25",NA,NA,NA,NA,NA,NA,NA,NA,NA,NA,NA,NA,NA,NA,NA,NA,"0.333333333333333","1",NA,NA,"0.25",NA,NA,NA,NA
"246","4","j'avais pas vu.",NA,NA,NA,NA,NA,NA,NA,NA,NA,NA,NA,NA,NA,NA,NA,NA,NA,NA,NA,"0.25",NA,"0.333333333333333","1",NA,NA,"0.25",NA,NA,NA,NA
"247","7","allez on se met au chaud!","0.027027027027027",NA,NA,NA,NA,NA,NA,NA,NA,NA,NA,NA,"0.356617213178373","0.1428571429",NA,NA,NA,"0.5",NA,NA,NA,"0.333333333333333",NA,NA,NA,NA,"0.3125","0.3125",NA,NA
"248","1","on range.",NA,NA,NA,NA,NA,NA,NA,NA,NA,NA,NA,NA,NA,NA,NA,NA,NA,NA,NA,NA,NA,"0.333333333333333",NA,NA,NA,NA,NA,NA,NA,NA
