fichier-colaje-lg20	corpus	loc	utt	token	age	annee	nbx	sumx	nbsx	sumsx	FUT	COND	SUBJ	IMPF	prorel	conj	comme	PPRE	prep+inf	n+conj+det	n+adj	n+prep+n	cest+++que	ya+++qu	v+inf	dit+qu	plus+qu	proobj	x
./conllu_clan/ADRIEN-01-1_03_09.20pl-CHI.tei_corpo-gsd.conllu.cex 	 LONG 	 CHI 	4	2	1;3.9	1.25	2	1.500000	0	0	0	0	0	0	0	0	0	0	0	0	0	0	0	0	0	0	0	0	x
./conllu_clan/ADRIEN-02-1_04_10.20pl-CHI.tei_corpo-gsd.conllu.cex 	 LONG 	 CHI 	9	5	1;4.10	1.33333	5	1.600000	0	0	0	0	0	0	0	0	0	0	0	0	0	0	0	0	0	0	0	0	x
./conllu_clan/ADRIEN-06-1_09_08.20pl-CHI.tei_corpo-gsd.conllu.cex 	 LONG 	 CHI 	2	1	1;9.8	1.75	1	2.000000	0	0	0	0	0	0	0	0	0	0	0	0	0	0	0	0	0	0	0	0	x
./conllu_clan/ADRIEN-08-1_11_14.20pl-CHI.tei_corpo-gsd.conllu.cex 	 LONG 	 CHI 	29	18	1;11.14	1.91667	18	1.555556	0	0	0	0	0	0	0	0	0	0	0	0	0	0	0	0	0	0	0	0	x
./conllu_clan/ADRIEN-09-2_00_15.20pl-CHI.tei_corpo-gsd.conllu.cex 	 LONG 	 CHI 	23	20	2;0.15	2	20	1.100000	0	0	0	0	0	0	0	0	0	0	0	0	0	0	0	0	0	0	0	0	x
./conllu_clan/ADRIEN-10-2_01_12.20pl-CHI.tei_corpo-gsd.conllu.cex 	 LONG 	 CHI 	42	20	2;1.12	2.08333	20	1.250000	0	0	0	0	0	0	0	0	0	0	0	0	0	0	0	0	0	0	0	0	x
./conllu_clan/ADRIEN-11-2_02_00.20pl-CHI.tei_corpo-gsd.conllu.cex 	 LONG 	 CHI 	47	20	2;2.	2.16667	20	1.850000	0	0	0	0	0	0	0	0	0	0	0	0	0	0	0	0	0	0	0	0	x
./conllu_clan/ADRIEN-12-2_02_22.20pl-CHI.tei_corpo-gsd.conllu.cex 	 LONG 	 CHI 	71	20	2;2.22	2.16667	20	2.800000	0	0	0	0	0	0	0	2	0	0	0	0	0	0	0	0	0	0	0	0	x
./conllu_clan/ADRIEN-13-2_03_28.20pl-CHI.tei_corpo-gsd.conllu.cex 	 LONG 	 CHI 	80	20	2;3.28	2.25	20	2.900000	0	0	0	0	0	0	0	7	0	0	0	0	0	0	0	0	0	0	0	0	x
./conllu_clan/ADRIEN-14-2_04_26.20pl-CHI.tei_corpo-gsd.conllu.cex 	 LONG 	 CHI 	106	20	2;4.26	2.33333	20	3.300000	0	0	0	0	0	0	0	16	0	0	0	0	0	0	0	0	0	0	0	0	x
./conllu_clan/ADRIEN-15-2_05_22.20pl-CHI.tei_corpo-gsd.conllu.cex 	 LONG 	 CHI 	113	20	2;5.22	2.41667	20	3.100000	0	0	0	0	0	0	0	7	0	0	0	0	0	0	0	0	0	0	0	0	x
./conllu_clan/ADRIEN-16-2_07_18.20pl-CHI.tei_corpo-gsd.conllu.cex 	 LONG 	 CHI 	124	20	2;7.18	2.58333	20	3.500000	1	7.000000	0	0	0	0	0	1	0	0	0	0	0	0	0	0	0	0	0	0	x
./conllu_clan/ADRIEN-17-2_08_12.20pl-CHI.tei_corpo-gsd.conllu.cex 	 LONG 	 CHI 	114	20	2;8.12	2.66667	20	3.850000	0	0	0	0	0	0	0	6	0	0	0	0	0	0	0	0	0	0	0	0	x
./conllu_clan/ADRIEN-18-2_09_13.20pl-CHI.tei_corpo-gsd.conllu.cex 	 LONG 	 CHI 	87	20	2;9.13	2.75	20	3.000000	0	0	0	0	0	0	0	0	0	0	0	0	0	0	0	0	0	0	0	0	x
./conllu_clan/ADRIEN-19-2_10_14.20pl-CHI.tei_corpo-gsd.conllu.cex 	 LONG 	 CHI 	141	20	2;10.14	2.83333	20	4.100000	0	0	0	0	0	0	0	0	0	0	0	0	0	0	0	0	0	0	0	0	x
./conllu_clan/ADRIEN-20-2_11_11.20pl-CHI.tei_corpo-gsd.conllu.cex 	 LONG 	 CHI 	129	20	2;11.11	2.91667	20	3.700000	1	7.000000	0	0	0	0	0	2	0	0	0	0	0	0	0	0	0	0	0	0	x
./conllu_clan/ADRIEN-21-3_00_15.20pl-CHI.tei_corpo-gsd.conllu.cex 	 LONG 	 CHI 	128	20	3;0.15	3	20	4.100000	0	0	0	0	0	0	0	1	0	0	0	0	0	0	0	0	0	0	0	0	x
./conllu_clan/ADRIEN-22-3_01_13.20pl-CHI.tei_corpo-gsd.conllu.cex 	 LONG 	 CHI 	129	20	3;1.13	3.08333	20	4.000000	0	0	0	0	0	0	0	1	0	0	0	0	0	0	0	0	0	0	0	0	x
./conllu_clan/ADRIEN-23-3_02_12.20pl-CHI.tei_corpo-gsd.conllu.cex 	 LONG 	 CHI 	150	20	3;2.12	3.16667	20	5.000000	3	9.666667	0	0	0	0	0	16	0	0	0	0	0	0	0	0	0	0	0	0	x
./conllu_clan/ADRIEN-24-3_03_12.20pl-CHI.tei_corpo-gsd.conllu.cex 	 LONG 	 CHI 	124	20	3;3.12	3.25	20	4.200000	1	8.000000	0	0	0	0	0	2	0	0	0	0	0	0	0	0	0	0	0	0	x
./conllu_clan/ADRIEN-25-3_04_14.20pl-CHI.tei_corpo-gsd.conllu.cex 	 LONG 	 CHI 	127	20	3;4.14	3.33333	20	4.000000	0	0	0	0	0	0	0	10	0	0	0	0	0	0	1	0	0	0	0	0	x
./conllu_clan/ADRIEN-26-3_05_14.20pl-CHI.tei_corpo-gsd.conllu.cex 	 LONG 	 CHI 	147	20	3;5.14	3.41667	20	4.400000	3	7.000000	0	0	0	0	0	8	0	0	0	0	0	0	0	0	0	0	0	0	x
./conllu_clan/ADRIEN-27-3_08_05.20pl-CHI.tei_corpo-gsd.conllu.cex 	 LONG 	 CHI 	212	20	3;8.5	3.66667	20	4.750000	1	9.000000	0	0	0	0	0	25	0	0	0	0	0	0	0	0	0	1	0	0	x
./conllu_clan/ADRIEN-28-3_09_09.20pl-CHI.tei_corpo-gsd.conllu.cex 	 LONG 	 CHI 	200	20	3;9.9	3.75	20	4.800000	2	7.000000	0	0	0	0	0	19	0	0	0	0	0	0	0	0	0	0	1	0	x
./conllu_clan/ADRIEN-29-3_10_13.20pl-CHI.tei_corpo-gsd.conllu.cex 	 LONG 	 CHI 	200	20	3;10.13	3.83333	20	4.950000	2	8.000000	0	0	0	0	0	20	0	0	0	0	0	0	0	0	0	0	0	0	x
./conllu_clan/ADRIEN-30-3_11_13.20pl-CHI.tei_corpo-gsd.conllu.cex 	 LONG 	 CHI 	276	20	3;11.13	3.91667	20	5.450000	5	7.000000	0	0	0	0	0	22	0	0	0	0	0	0	0	0	0	0	1	0	x
./conllu_clan/ADRIEN-31-4_00_15.20pl-CHI.tei_corpo-gsd.conllu.cex 	 LONG 	 CHI 	301	20	4;0.15	4	20	5.050000	3	7.000000	0	0	0	0	0	24	0	0	0	0	0	0	0	0	0	0	3	0	x
./conllu_clan/ADRIEN-32-4_01_12.20pl-CHI.tei_corpo-gsd.conllu.cex 	 LONG 	 CHI 	204	20	4;1.12	4.08333	20	4.200000	0	0	0	0	0	0	0	18	0	0	0	0	0	0	1	0	0	0	0	0	x
./conllu_clan/ADRIEN-33-4_02_15.20pl-CHI.tei_corpo-gsd.conllu.cex 	 LONG 	 CHI 	236	20	4;2.15	4.16667	20	5.800000	5	9.000000	0	0	0	0	0	25	0	0	0	0	0	0	1	0	0	0	0	0	x
./conllu_clan/ADRIEN-34-4_03_26.20pl-CHI.tei_corpo-gsd.conllu.cex 	 LONG 	 CHI 	411	20	4;3.26	4.25	20	6.500000	6	8.666667	0	0	0	0	0	70	0	0	0	0	0	0	3	0	0	1	2	0	x
./conllu_clan/ANAE-01-1_04_20.20pl-CHI.tei_corpo-gsd.conllu.cex 	 LONG 	 CHI 	97	20	1;04.20	1.33333	20	3.000000	0	0	0	0	0	0	0	0	0	0	0	0	0	0	0	0	0	0	0	0	x
./conllu_clan/ANAE-02-1_06_08.20pl-CHI.tei_corpo-gsd.conllu.cex 	 LONG 	 CHI 	57	20	1;06.08	1.5	20	2.100000	0	0	0	0	0	0	0	7	0	0	0	0	0	0	0	0	0	0	0	0	x
./conllu_clan/ANAE-03-1_07_03.20pl-CHI.tei_corpo-gsd.conllu.cex 	 LONG 	 CHI 	87	20	1;07.03	1.58333	20	3.250000	0	0	0	0	0	0	0	2	0	0	0	0	0	0	0	0	0	0	0	0	x
./conllu_clan/ANAE-04-1_09_04.20pl-CHI.tei_corpo-gsd.conllu.cex 	 LONG 	 CHI 	51	20	1;09.04	1.75	20	3.500000	0	0	0	0	0	0	0	0	0	0	0	0	0	0	0	0	0	0	0	0	x
./conllu_clan/ANAE-05-1_10_18.20pl-CHI.tei_corpo-gsd.conllu.cex 	 LONG 	 CHI 	99	20	1;10.18	1.83333	20	3.250000	0	0	0	0	0	0	0	0	0	0	0	0	0	0	0	0	0	0	0	0	x
./conllu_clan/ANAE-06-2_00_00.20pl-CHI.tei_corpo-gsd.conllu.cex 	 LONG 	 CHI 	133	20	2;00.00	2	20	4.000000	0	0	0	0	0	0	0	7	0	0	0	0	0	0	0	0	0	0	0	0	x
./conllu_clan/ANAE-07-2_00_26.20pl-CHI.tei_corpo-gsd.conllu.cex 	 LONG 	 CHI 	181	20	2;00.26	2	20	4.650000	0	0	0	0	0	0	0	12	0	0	0	0	0	0	3	0	0	0	0	0	x
./conllu_clan/ANAE-08-2_01_05.20pl-CHI.tei_corpo-gsd.conllu.cex 	 LONG 	 CHI 	140	20	2;01.05	2.08333	20	4.350000	1	9.000000	0	0	0	0	0	8	0	0	0	0	0	0	1	0	0	0	0	0	x
./conllu_clan/ANAE-09-2_02_16.20pl-CHI.tei_corpo-gsd.conllu.cex 	 LONG 	 CHI 	176	20	2;02.16	2.16667	20	4.550000	0	0	0	0	0	0	0	9	0	0	0	0	0	0	1	0	0	0	0	0	x
./conllu_clan/ANAE-10-2_03_30.20pl-CHI.tei_corpo-gsd.conllu.cex 	 LONG 	 CHI 	134	20	2;03.30	2.25	20	3.900000	0	0	0	0	0	0	0	4	0	0	0	0	0	0	3	0	0	0	0	0	x
./conllu_clan/ANAE-11-2_04_28.20pl-CHI.tei_corpo-gsd.conllu.cex 	 LONG 	 CHI 	174	20	2;04.28	2.33333	20	4.700000	0	0	0	0	0	0	0	10	0	0	0	0	0	0	0	0	0	0	0	0	x
./conllu_clan/ANAE-12-2_05_30.20pl-CHI.tei_corpo-gsd.conllu.cex 	 LONG 	 CHI 	178	20	2;05.30	2.41667	20	4.450000	0	0	0	0	0	0	0	9	0	0	0	0	0	0	0	0	0	0	0	0	x
./conllu_clan/ANAE-13-2_06_27.20pl-CHI.tei_corpo-gsd.conllu.cex 	 LONG 	 CHI 	201	20	2;06.27	2.5	20	4.800000	1	7.000000	0	0	0	0	0	18	0	0	0	0	0	0	0	0	0	0	0	0	x
./conllu_clan/ANAE-14-2_08_04.20pl-CHI.tei_corpo-gsd.conllu.cex 	 LONG 	 CHI 	213	20	2;08.04	2.66667	20	5.200000	1	7.000000	0	0	0	0	0	10	0	0	0	0	0	0	2	0	0	0	0	0	x
./conllu_clan/ANAE-15-2_09_23.20pl-CHI.tei_corpo-gsd.conllu.cex 	 LONG 	 CHI 	157	20	2;09.23	2.75	20	4.800000	1	7.000000	0	0	0	0	0	9	0	0	0	0	0	0	1	0	0	0	0	0	x
./conllu_clan/ANAE-16-2_10_24.20pl-CHI.tei_corpo-gsd.conllu.cex 	 LONG 	 CHI 	219	20	2;10.24	2.83333	20	5.100000	2	7.000000	0	0	0	0	0	21	0	0	0	0	0	0	2	0	0	0	0	0	x
./conllu_clan/ANAE-17-2_11_22.20pl-CHI.tei_corpo-gsd.conllu.cex 	 LONG 	 CHI 	284	20	2;11.22	2.91667	20	5.500000	3	7.666667	0	0	0	0	0	28	0	0	0	0	0	0	3	0	0	1	1	0	x
./conllu_clan/ANAE-18-3_01_07.20pl-CHI.tei_corpo-gsd.conllu.cex 	 LONG 	 CHI 	206	20	3;01.07	3.08333	20	5.050000	1	9.000000	0	0	0	0	0	11	0	0	0	0	0	0	5	0	0	0	0	0	x
./conllu_clan/ANAE-19-3_03_00.20pl-CHI.tei_corpo-gsd.conllu.cex 	 LONG 	 CHI 	222	20	3;03.00	3.25	20	4.800000	2	7.000000	0	0	0	0	0	18	0	0	0	0	0	0	1	0	0	0	0	0	x
./conllu_clan/ANAE-20-3_04_27.20pl-CHI.tei_corpo-gsd.conllu.cex 	 LONG 	 CHI 	220	20	3;04.27	3.33333	20	5.200000	3	7.000000	0	0	0	0	0	16	0	0	0	0	0	0	1	0	0	0	0	0	x
./conllu_clan/ANAE-21-3_05_22.20pl-CHI.tei_corpo-gsd.conllu.cex 	 LONG 	 CHI 	248	20	3;05.22	3.41667	20	5.050000	1	7.000000	0	0	0	0	0	36	0	0	0	0	0	0	1	0	0	0	0	0	x
./conllu_clan/ANAE-22-3_06_27.20pl-CHI.tei_corpo-gsd.conllu.cex 	 LONG 	 CHI 	246	20	3;06.27	3.5	20	5.200000	3	7.666667	0	0	0	0	0	34	0	0	0	0	0	0	6	0	0	1	0	0	x
./conllu_clan/ANAE-23-3_08_10.20pl-CHI.tei_corpo-gsd.conllu.cex 	 LONG 	 CHI 	195	20	3;08.10	3.66667	20	4.600000	1	7.000000	0	0	0	0	0	10	0	0	0	0	0	0	1	0	0	0	0	0	x
./conllu_clan/ANAE-24-3_10_00.20pl-CHI.tei_corpo-gsd.conllu.cex 	 LONG 	 CHI 	412	20	3;10.00	3.83333	20	5.700000	4	7.500000	0	0	0	0	0	60	0	0	0	0	0	0	0	0	0	0	0	0	x
./conllu_clan/ANAE-25-4_00_13.20pl-CHI.tei_corpo-gsd.conllu.cex 	 LONG 	 CHI 	355	20	4;00.13	4	20	6.200000	8	7.500000	0	0	0	0	0	57	0	0	0	0	0	0	2	0	0	2	0	0	x
./conllu_clan/ANAE-26-4_01_18.20pl-CHI.tei_corpo-gsd.conllu.cex 	 LONG 	 CHI 	278	20	4;01.18	4.08333	20	5.300000	2	7.000000	0	0	0	0	0	38	0	0	0	0	0	0	4	0	0	0	0	0	x
./conllu_clan/ANAE-27-4_04_10.20pl-CHI.tei_corpo-gsd.conllu.cex 	 LONG 	 CHI 	243	20	4;04.10	4.33333	20	5.500000	2	7.500000	0	0	0	0	0	39	0	0	0	0	0	0	1	0	0	0	0	0	x
./conllu_clan/ANAE-28-4_05_24.20pl-CHI.tei_corpo-gsd.conllu.cex 	 LONG 	 CHI 	216	20	4;05.24	4.41667	20	5.250000	3	7.000000	0	0	0	0	0	15	0	0	0	0	0	0	4	0	0	1	0	0	x
./conllu_clan/ANAE-29-4_08_09.20pl-CHI.tei_corpo-gsd.conllu.cex 	 LONG 	 CHI 	233	20	4;08.09	4.66667	20	5.250000	4	7.250000	0	0	0	0	0	23	0	0	0	0	0	0	1	0	0	6	0	0	x
./conllu_clan/ANAE-30-5_01_21.20pl-CHI.tei_corpo-gsd.conllu.cex 	 LONG 	 CHI 	351	20	5;01.21	5.08333	20	6.300000	7	7.571429	0	0	0	0	0	49	0	0	0	0	0	0	5	0	0	1	0	0	x
./conllu_clan/ANAE-31-5_07_06.20pl-CHI.tei_corpo-gsd.conllu.cex 	 LONG 	 CHI 	319	20	5;07.06	5.58333	20	6.150000	6	7.666667	0	0	0	0	0	38	0	0	0	0	0	0	1	0	0	2	0	0	x
./conllu_clan/ANAE-32-5_10_30.20pl-CHI.tei_corpo-gsd.conllu.cex 	 LONG 	 CHI 	254	20	5;10.30	5.83333	20	5.550000	2	7.500000	0	0	0	0	0	22	0	0	0	0	0	0	2	0	0	1	0	0	x
./conllu_clan/ANTOINE-09-0_09_07.20pl-CHI.tei_corpo-gsd.conllu.cex 	 LONG 	 CHI 	2	1	0;09.07	0.75	1	2.000000	0	0	0	0	0	0	0	0	0	0	0	0	0	0	0	0	0	0	0	0	x
./conllu_clan/ANTOINE-13-1_00_24.20pl-CHI.tei_corpo-gsd.conllu.cex 	 LONG 	 CHI 	2	1	1;00.24	1	1	3.000000	0	0	0	0	0	0	0	0	0	0	0	0	0	0	0	0	0	0	0	0	x
./conllu_clan/ANTOINE-14-1_01_24.20pl-CHI.tei_corpo-gsd.conllu.cex 	 LONG 	 CHI 	17	6	1;01.24	1.08333	6	2.166667	0	0	0	0	0	0	0	0	0	0	0	0	0	0	0	0	0	0	0	0	x
./conllu_clan/ANTOINE-15-1_02_24.20pl-CHI.tei_corpo-gsd.conllu.cex 	 LONG 	 CHI 	8	3	1;02.24	1.16667	3	3.000000	0	0	0	0	0	0	0	0	0	0	0	0	0	0	0	0	0	0	0	0	x
./conllu_clan/ANTOINE-17-1_04_19.20pl-CHI.tei_corpo-gsd.conllu.cex 	 LONG 	 CHI 	5	2	1;04.19	1.33333	2	3.000000	0	0	0	0	0	0	0	0	0	0	0	0	0	0	0	0	0	0	0	0	x
./conllu_clan/ANTOINE-18-1_05_21.20pl-CHI.tei_corpo-gsd.conllu.cex 	 LONG 	 CHI 	19	11	1;05.21	1.41667	11	1.636364	0	0	0	0	0	0	0	0	0	0	0	0	0	0	0	0	0	0	0	0	x
./conllu_clan/ANTOINE-19-1_06_22.20pl-CHI.tei_corpo-gsd.conllu.cex 	 LONG 	 CHI 	42	16	1;06.22	1.5	16	2.375000	0	0	0	0	0	0	0	1	0	0	0	0	0	0	0	0	0	0	0	0	x
./conllu_clan/ANTOINE-20-1_07_15.20pl-CHI.tei_corpo-gsd.conllu.cex 	 LONG 	 CHI 	56	17	1;7.15	1.58333	17	3.000000	0	0	0	0	0	0	0	0	0	0	0	0	0	0	0	0	0	0	0	0	x
./conllu_clan/ANTOINE-21-1_08_05.20pl-CHI.tei_corpo-gsd.conllu.cex 	 LONG 	 CHI 	36	14	1;08.05	1.66667	14	2.928571	0	0	0	0	0	0	0	0	0	0	0	0	0	0	0	0	0	0	0	0	x
./conllu_clan/ANTOINE-22-1_09_11.20pl-CHI.tei_corpo-gsd.conllu.cex 	 LONG 	 CHI 	65	20	1;09.11	1.75	20	2.450000	0	0	0	0	0	0	0	0	0	0	0	0	0	0	0	0	0	0	0	0	x
./conllu_clan/ANTOINE-23-1_09_27.20pl-CHI.tei_corpo-gsd.conllu.cex 	 LONG 	 CHI 	56	20	1;09.27	1.75	20	1.700000	0	0	0	0	0	0	0	0	0	0	0	0	0	0	0	0	0	0	0	0	x
./conllu_clan/ANTOINE-24-1_10_10.20pl-CHI.tei_corpo-gsd.conllu.cex 	 LONG 	 CHI 	66	20	1;10.10	1.83333	20	1.800000	0	0	0	0	0	0	0	1	0	0	0	0	0	0	0	0	0	0	0	0	x
./conllu_clan/ANTOINE-25-1_11_04.20pl-CHI.tei_corpo-gsd.conllu.cex 	 LONG 	 CHI 	50	20	1;11.04	1.91667	20	2.250000	0	0	0	0	0	0	0	0	0	0	0	0	0	0	0	0	0	0	0	0	x
./conllu_clan/ANTOINE-26-1_11_18.20pl-CHI.tei_corpo-gsd.conllu.cex 	 LONG 	 CHI 	58	20	1;11.18	1.91667	20	2.050000	0	0	0	0	0	0	0	0	0	0	0	0	0	0	0	0	0	0	0	0	x
./conllu_clan/ANTOINE-27-2_00_01.20pl-CHI.tei_corpo-gsd.conllu.cex 	 LONG 	 CHI 	70	20	2;00.01	2	20	2.750000	0	0	0	0	0	0	0	0	0	0	0	0	0	0	0	0	0	0	0	0	x
./conllu_clan/ANTOINE-28-2_00_20.20pl-CHI.tei_corpo-gsd.conllu.cex 	 LONG 	 CHI 	51	20	2;00.20	2	20	2.400000	0	0	0	0	0	0	0	1	0	0	0	0	0	0	0	0	0	0	0	0	x
./conllu_clan/ANTOINE-28b-2_00_21.20pl-CHI.tei_corpo-gsd.conllu.cex 	 LONG 	 CHI 	5	2	2;0.21	2	2	1.000000	0	0	0	0	0	0	0	0	0	0	0	0	0	0	0	0	0	0	0	0	x
./conllu_clan/ANTOINE-29-2_01_13.20pl-CHI.tei_corpo-gsd.conllu.cex 	 LONG 	 CHI 	75	20	2;01.13	2.08333	20	2.650000	0	0	0	0	0	0	0	1	0	0	0	0	0	0	0	0	0	0	0	0	x
./conllu_clan/ANTOINE-30-2_01_28.20pl-CHI.tei_corpo-gsd.conllu.cex 	 LONG 	 CHI 	102	20	2;01.28	2.08333	20	3.500000	0	0	0	0	0	0	0	1	0	0	0	0	0	0	0	0	0	0	0	0	x
./conllu_clan/ANTOINE-31-2_02_12.20pl-CHI.tei_corpo-gsd.conllu.cex 	 LONG 	 CHI 	88	20	2;02.12	2.16667	20	2.700000	0	0	0	0	0	0	0	0	0	0	0	0	0	0	0	0	0	0	0	0	x
./conllu_clan/ANTOINE-32-2_02_27.20pl-CHI.tei_corpo-gsd.conllu.cex 	 LONG 	 CHI 	111	20	2;02.27	2.16667	20	3.350000	0	0	0	0	0	0	0	1	0	0	0	0	0	0	0	0	0	0	0	0	x
./conllu_clan/ANTOINE-33-2_02_28.20pl-CHI.tei_corpo-gsd.conllu.cex 	 LONG 	 CHI 	101	20	2;02.28	2.16667	20	3.350000	0	0	0	0	0	0	0	1	0	0	0	0	0	0	0	0	0	0	0	0	x
./conllu_clan/ANTOINE-34-2_03_05.20pl-CHI.tei_corpo-gsd.conllu.cex 	 LONG 	 CHI 	114	20	2;03.05	2.25	20	3.450000	0	0	0	0	0	0	0	5	0	0	0	0	0	0	0	0	0	0	0	0	x
./conllu_clan/ANTOINE-35-2_03_15.20pl-CHI.tei_corpo-gsd.conllu.cex 	 LONG 	 CHI 	144	20	2;03.15	2.25	20	4.050000	0	0	0	0	0	0	0	4	0	0	0	0	0	0	0	0	0	0	0	0	x
./conllu_clan/ANTOINE-36-2_04_03.20pl-CHI.tei_corpo-gsd.conllu.cex 	 LONG 	 CHI 	101	20	2;04.03	2.33333	20	3.400000	0	0	0	0	0	0	0	2	0	0	0	0	0	0	0	0	0	0	0	0	x
./conllu_clan/ANTOINE-37-2_04_25.20pl-CHI.tei_corpo-gsd.conllu.cex 	 LONG 	 CHI 	118	20	2;04.26	2.33333	20	3.400000	0	0	0	0	0	0	0	6	0	0	0	0	0	0	0	0	0	1	0	0	x
./conllu_clan/ANTOINE-38-2_05_24.20pl-CHI.tei_corpo-gsd.conllu.cex 	 LONG 	 CHI 	122	20	2;05.24	2.41667	20	4.100000	1	7.000000	0	0	0	0	0	5	0	0	0	0	0	0	0	0	0	0	0	0	x
./conllu_clan/ANTOINE-39-2_06_24.20pl-CHI.tei_corpo-gsd.conllu.cex 	 LONG 	 CHI 	164	20	2;06.24	2.5	20	3.900000	0	0	0	0	0	0	0	7	0	0	0	0	0	0	0	0	0	0	0	0	x
./conllu_clan/ANTOINE-40-2_07_22.20pl-CHI.tei_corpo-gsd.conllu.cex 	 LONG 	 CHI 	180	20	2;07.22	2.58333	20	4.550000	2	7.000000	0	0	0	0	0	3	0	0	0	0	0	0	0	0	0	0	0	0	x
./conllu_clan/ANTOINE-41-2_08_20.20pl-CHI.tei_corpo-gsd.conllu.cex 	 LONG 	 CHI 	133	20	2;08.20	2.66667	20	4.000000	0	0	0	0	0	0	0	8	0	0	0	0	0	0	0	0	0	0	0	0	x
./conllu_clan/ANTOINE-42-2_09_16.20pl-CHI.tei_corpo-gsd.conllu.cex 	 LONG 	 CHI 	215	20	2;09.16	2.75	20	4.350000	0	0	0	0	0	0	0	19	0	0	0	0	0	0	1	0	0	3	0	0	x
./conllu_clan/ANTOINE-44-2_11_16.20pl-CHI.tei_corpo-gsd.conllu.cex 	 LONG 	 CHI 	207	20	2;11.16	2.91667	20	5.350000	4	7.750000	0	0	0	0	0	27	0	0	0	0	0	0	3	0	0	0	0	0	x
./conllu_clan/ANTOINE-45-3_00_21.20pl-CHI.tei_corpo-gsd.conllu.cex 	 LONG 	 CHI 	181	20	3;00.21	3	20	4.650000	0	0	0	0	0	0	0	8	0	0	0	0	0	0	2	0	0	0	0	0	x
./conllu_clan/ANTOINE-47-3_02_24.20pl-CHI.tei_corpo-gsd.conllu.cex 	 LONG 	 CHI 	180	20	3;02.24	3.16667	20	4.950000	2	7.000000	0	0	0	0	0	17	0	0	0	0	0	0	3	0	0	0	0	0	x
./conllu_clan/ANTOINE-48-3_05_00.20pl-CHI.tei_corpo-gsd.conllu.cex 	 LONG 	 CHI 	208	20	3;05.00	3.41667	20	4.900000	3	7.333333	0	0	0	0	0	14	0	0	0	0	0	0	4	0	0	2	0	0	x
./conllu_clan/ANTOINE-49-3_07_01.20pl-CHI.tei_corpo-gsd.conllu.cex 	 LONG 	 CHI 	220	20	3;07.01	3.58333	20	5.650000	6	7.666667	0	0	0	0	0	27	0	0	0	0	0	0	3	0	0	2	1	0	x
./conllu_clan/ANTOINE-50-3_09_22.20pl-CHI.tei_corpo-gsd.conllu.cex 	 LONG 	 CHI 	299	20	3;09.22	3.75	20	5.550000	4	7.750000	0	0	0	0	0	75	0	0	0	0	0	0	0	0	0	0	0	0	x
./conllu_clan/ANTOINE-51-4_00_09.20pl-CHI.tei_corpo-gsd.conllu.cex 	 LONG 	 CHI 	251	20	4;00.09	4	20	5.200000	3	7.000000	0	0	0	0	0	27	0	0	0	0	0	0	3	0	0	1	2	0	x
./conllu_clan/ANTOINE-52-4_02_19.20pl-CHI.tei_corpo-gsd.conllu.cex 	 LONG 	 CHI 	243	20	4;02.19	4.16667	20	5.350000	2	7.000000	0	0	0	0	0	18	0	0	0	0	0	0	0	0	0	0	0	0	x
./conllu_clan/ANTOINE-53-4_05_16.20pl-CHI.tei_corpo-gsd.conllu.cex 	 LONG 	 CHI 	257	20	4;05.16	4.41667	20	5.100000	2	8.000000	0	0	0	0	0	29	0	0	0	0	0	0	0	0	0	2	0	0	x
./conllu_clan/ANTOINE-54-4_08_02.20pl-CHI.tei_corpo-gsd.conllu.cex 	 LONG 	 CHI 	282	20	4;08.02	4.66667	20	5.250000	3	8.000000	0	0	0	0	0	32	0	0	0	0	0	0	4	0	0	0	1	0	x
./conllu_clan/ANTOINE-55-4_10_22.20pl-CHI.tei_corpo-gsd.conllu.cex 	 LONG 	 CHI 	247	20	4;10.22	4.83333	20	5.600000	4	8.000000	0	0	0	0	0	28	0	0	0	0	0	0	4	0	0	0	0	0	x
./conllu_clan/ANTOINE-56-5_02_13.20pl-CHI.tei_corpo-gsd.conllu.cex 	 LONG 	 CHI 	268	20	5;02.13	5.16667	20	5.750000	6	7.833333	0	0	0	0	0	36	0	0	0	0	0	0	3	0	0	0	0	0	x
./conllu_clan/ANTOINE-57-5_04_28.20pl-CHI.tei_corpo-gsd.conllu.cex 	 LONG 	 CHI 	376	20	5;04.28	5.33333	20	6.200000	7	7.571429	0	0	0	0	0	66	0	0	0	0	0	0	6	0	0	4	2	0	x
./conllu_clan/ANTOINE-58-5_07_11.20pl-CHI.tei_corpo-gsd.conllu.cex 	 LONG 	 CHI 	268	20	5;07.11	5.58333	20	5.150000	2	7.500000	0	0	0	0	0	30	0	0	0	0	0	0	4	0	0	2	4	0	x
./conllu_clan/ANTOINE-59-5_11_18.20pl-CHI.tei_corpo-gsd.conllu.cex 	 LONG 	 CHI 	307	20	5;11.18	5.91667	20	5.650000	3	7.333333	0	0	0	0	0	44	0	0	0	0	0	0	7	0	0	2	1	0	x
./conllu_clan/ANTOINE-60-6_03_08.20pl-CHI.tei_corpo-gsd.conllu.cex 	 LONG 	 CHI 	319	20	6;03.08	6.25	20	5.900000	5	7.800000	0	0	0	0	0	37	0	0	0	0	0	0	2	0	0	0	1	0	x
./conllu_clan/JULIE-02-0_11_18.20pl-CHI.tei_corpo-gsd.conllu.cex 	 LONG 	 CHI 	27	10	0;11.18	0.916667	10	3.000000	0	0	0	0	0	0	0	0	0	0	0	0	0	0	0	0	0	0	0	0	x
./conllu_clan/JULIE-08-1_02_11.20pl-CHI.tei_corpo-gsd.conllu.cex 	 LONG 	 CHI 	29	11	1;02.11	1.16667	11	1.909091	0	0	0	0	0	0	0	0	0	0	0	0	0	0	0	0	0	0	0	0	x
./conllu_clan/JULIE-09-1_03_16.20pl-CHI.tei_corpo-gsd.conllu.cex 	 LONG 	 CHI 	13	4	1;03.16	1.25	4	2.750000	0	0	0	0	0	0	0	0	0	0	0	0	0	0	0	0	0	0	0	0	x
./conllu_clan/JULIE-10-1_04_23.20pl-CHI.tei_corpo-gsd.conllu.cex 	 LONG 	 CHI 	8	3	1;04.23	1.33333	3	2.333333	0	0	0	0	0	0	0	0	0	0	0	0	0	0	0	0	0	0	0	0	x
./conllu_clan/JULIE-11-1_06_04.20pl-CHI.tei_corpo-gsd.conllu.cex 	 LONG 	 CHI 	35	12	1;06.04	1.5	12	2.250000	0	0	0	0	0	0	0	0	0	0	0	0	0	0	1	0	0	0	0	0	x
./conllu_clan/JULIE-13-1_07_26.20pl-CHI.tei_corpo-gsd.conllu.cex 	 LONG 	 CHI 	78	20	1;07.26	1.58333	20	3.250000	0	0	0	0	0	0	0	2	0	0	0	0	0	0	0	0	0	0	0	0	x
./conllu_clan/JULIE-14-1_09_16.20pl-CHI.tei_corpo-gsd.conllu.cex 	 LONG 	 CHI 	81	20	1;09.16	1.75	20	2.250000	0	0	0	0	0	0	0	0	0	0	0	0	0	0	0	0	0	0	0	0	x
./conllu_clan/JULIE-15-1_10_14.20pl-CHI.tei_corpo-gsd.conllu.cex 	 LONG 	 CHI 	82	20	1;10.14	1.83333	20	2.500000	0	0	0	0	0	0	0	3	0	0	0	0	0	0	0	0	0	0	0	0	x
./conllu_clan/JULIE-16-1_11_11.20pl-CHI.tei_corpo-gsd.conllu.cex 	 LONG 	 CHI 	101	20	1;11.11	1.91667	20	3.250000	0	0	0	0	0	0	0	0	0	0	0	0	0	0	0	0	0	0	0	0	x
./conllu_clan/JULIE-17-2_00_10.20pl-CHI.tei_corpo-gsd.conllu.cex 	 LONG 	 CHI 	107	20	2;00.10	2	20	3.400000	0	0	0	0	0	0	0	1	0	0	0	0	0	0	0	0	0	0	0	0	x
./conllu_clan/JULIE-19-2_01_23.20pl-CHI.tei_corpo-gsd.conllu.cex 	 LONG 	 CHI 	165	20	2;01.23	2.08333	20	4.600000	1	8.000000	0	0	0	0	0	2	0	0	0	0	0	0	2	0	0	0	0	0	x
./conllu_clan/JULIE-20-2_02_16.20pl-CHI.tei_corpo-gsd.conllu.cex 	 LONG 	 CHI 	149	20	2;02.16	2.16667	20	4.600000	1	8.000000	0	0	0	0	0	1	0	0	0	0	0	0	0	0	0	0	0	0	x
./conllu_clan/JULIE-21-2_03_08.20pl-CHI.tei_corpo-gsd.conllu.cex 	 LONG 	 CHI 	152	20	2;03.08	2.25	20	3.950000	1	7.000000	0	0	0	0	0	5	0	0	0	0	0	0	0	0	0	0	0	0	x
./conllu_clan/JULIE-23-2_04_24.20pl-CHI.tei_corpo-gsd.conllu.cex 	 LONG 	 CHI 	176	20	2;04.24	2.33333	20	4.400000	0	0	0	0	0	0	0	11	0	0	0	0	0	0	0	0	0	1	0	0	x
./conllu_clan/JULIE-24-2_05_21.20pl-CHI.tei_corpo-gsd.conllu.cex 	 LONG 	 CHI 	266	20	2;05.21	2.41667	20	5.750000	3	7.333333	0	0	0	0	0	34	0	0	0	0	0	0	1	0	0	0	0	0	x
./conllu_clan/JULIE-25-2_06_22.20pl-CHI.tei_corpo-gsd.conllu.cex 	 LONG 	 CHI 	247	20	2;06.22	2.5	20	5.600000	5	7.200000	0	0	0	0	0	42	0	0	0	0	0	0	1	0	0	1	0	0	x
./conllu_clan/JULIE-26-2_07_29.20pl-CHI.tei_corpo-gsd.conllu.cex 	 LONG 	 CHI 	210	20	2;07.29	2.58333	20	4.750000	0	0	0	0	0	0	0	16	0	0	0	0	0	0	0	0	0	2	1	0	x
./conllu_clan/JULIE-27-2_08_27.20pl-CHI.tei_corpo-gsd.conllu.cex 	 LONG 	 CHI 	225	20	2;08.27	2.66667	20	5.200000	2	7.500000	0	0	0	0	0	29	0	0	0	0	0	0	0	0	0	0	0	0	x
./conllu_clan/JULIE-28-2_09_24.20pl-CHI.tei_corpo-gsd.conllu.cex 	 LONG 	 CHI 	256	20	2;09.24	2.75	20	5.750000	4	7.500000	0	0	0	0	0	38	0	0	0	0	0	0	3	0	0	0	1	0	x
./conllu_clan/JULIE-29-2_11_01.20pl-CHI.tei_corpo-gsd.conllu.cex 	 LONG 	 CHI 	265	20	2;11.01	2.91667	20	5.700000	2	8.500000	0	0	0	0	0	37	0	0	0	0	0	0	1	0	0	0	0	0	x
./conllu_clan/JULIE-30-3_00_30.20pl-CHI.tei_corpo-gsd.conllu.cex 	 LONG 	 CHI 	291	20	3;00.30	3	20	5.450000	2	7.000000	0	0	0	0	0	46	0	0	0	0	0	0	2	0	0	1	0	0	x
./conllu_clan/JULIE-31-3_01_06.20pl-CHI.tei_corpo-gsd.conllu.cex 	 LONG 	 CHI 	259	20	3;01.06	3.08333	20	5.700000	4	8.000000	0	0	0	0	0	31	0	0	0	0	0	0	0	0	0	1	0	0	x
./conllu_clan/JULIE-32-3_02_03.20pl-CHI.tei_corpo-gsd.conllu.cex 	 LONG 	 CHI 	354	20	3;02.03	3.16667	20	5.850000	5	7.000000	0	0	0	0	0	52	0	0	0	0	0	0	2	0	0	0	0	0	x
./conllu_clan/JULIE-33-3_04_21.20pl-CHI.tei_corpo-gsd.conllu.cex 	 LONG 	 CHI 	286	20	3;02.03	3.16667	20	5.800000	5	7.800000	0	0	0	0	0	43	0	0	0	0	0	0	1	0	0	2	0	0	x
./conllu_clan/JULIE-34-3_07_19.20pl-CHI.tei_corpo-gsd.conllu.cex 	 LONG 	 CHI 	272	20	3;07.19	3.58333	20	5.950000	6	7.333333	0	0	0	0	0	39	0	0	0	0	0	0	1	0	0	1	0	0	x
./conllu_clan/JULIE-41-4_08_29.20pl-CHI.tei_corpo-gsd.conllu.cex 	 LONG 	 CHI 	414	20	4;8.29	4.66667	20	6.350000	9	7.333333	0	0	0	0	0	70	0	0	0	0	0	0	5	0	0	2	1	0	x
./conllu_clan/JULIE-42-5_03_19.20pl-CHI.tei_corpo-gsd.conllu.cex 	 LONG 	 CHI 	445	20	5;03.19	5.25	20	6.550000	10	7.500000	0	0	0	0	0	63	0	0	0	0	0	0	2	0	0	5	1	0	x
./conllu_clan/JULIE-43-5_10_07.20pl-CHI.tei_corpo-gsd.conllu.cex 	 LONG 	 CHI 	335	20	5;10.07	5.83333	20	6.050000	6	7.333333	0	0	0	0	0	53	0	0	0	0	0	0	5	0	0	0	1	0	x
./conllu_clan/LEONARD-01-1_08_09.20pl-CHI.tei_corpo-gsd.conllu.cex 	 LONG 	 CHI 	69	20	1;08.09	1.66667	20	1.900000	0	0	0	0	0	0	0	0	0	0	0	0	0	0	0	0	0	0	0	0	x
./conllu_clan/LEONARD-02-1_10_24.20pl-CHI.tei_corpo-gsd.conllu.cex 	 LONG 	 CHI 	104	20	1;10.24	1.83333	20	3.200000	0	0	0	0	0	0	0	2	0	0	0	0	0	0	0	0	0	0	0	0	x
./conllu_clan/LEONARD-03-1_11_15.20pl-CHI.tei_corpo-gsd.conllu.cex 	 LONG 	 CHI 	109	20	1;11.15	1.91667	20	3.600000	0	0	0	0	0	0	0	4	0	0	0	0	0	0	0	0	0	0	0	0	x
./conllu_clan/LEONARD-04-2_00_08.20pl-CHI.tei_corpo-gsd.conllu.cex 	 LONG 	 CHI 	106	20	2;00.08	2	20	3.900000	0	0	0	0	0	0	0	4	0	0	0	0	0	0	0	0	0	0	0	0	x
./conllu_clan/LEONARD-05-2_00_26.20pl-CHI.tei_corpo-gsd.conllu.cex 	 LONG 	 CHI 	141	20	2;00.26	2	20	4.050000	0	0	0	0	0	0	0	11	0	0	0	0	0	0	0	0	0	0	0	0	x
./conllu_clan/LEONARD-06-2_01_27.20pl-CHI.tei_corpo-gsd.conllu.cex 	 LONG 	 CHI 	126	20	2;01.27	2.08333	20	4.100000	0	0	0	0	0	0	0	1	0	0	0	0	0	0	0	0	0	0	0	0	x
./conllu_clan/LEONARD-07-2_03_00.20pl-CHI.tei_corpo-gsd.conllu.cex 	 LONG 	 CHI 	152	20	2;03.00	2.25	20	4.250000	1	7.000000	0	0	0	0	0	7	0	0	0	0	0	0	0	0	0	0	0	0	x
./conllu_clan/LEONARD-08-2_03_26.20pl-CHI.tei_corpo-gsd.conllu.cex 	 LONG 	 CHI 	185	20	2;03.26	2.25	20	5.050000	3	7.333333	0	0	0	0	0	10	0	0	0	0	0	0	4	0	0	0	0	0	x
./conllu_clan/LEONARD-09-2_04_25.20pl-CHI.tei_corpo-gsd.conllu.cex 	 LONG 	 CHI 	163	20	2;04.25	2.33333	20	4.650000	2	7.500000	0	0	0	0	0	15	0	0	0	0	0	0	0	0	0	1	0	0	x
./conllu_clan/LEONARD-10-2_06_07.20pl-CHI.tei_corpo-gsd.conllu.cex 	 LONG 	 CHI 	181	20	2;06.07	2.5	20	5.000000	1	7.000000	0	0	0	0	0	9	0	0	0	0	0	0	1	0	0	0	0	0	x
./conllu_clan/LEONARD-11-2_07_25.20pl-CHI.tei_corpo-gsd.conllu.cex 	 LONG 	 CHI 	206	20	2;07.25	2.58333	20	5.600000	3	9.333333	0	0	0	0	0	24	0	0	0	0	0	0	0	0	0	0	0	0	x
./conllu_clan/LEONARD-12-2_11_03.20pl-CHI.tei_corpo-gsd.conllu.cex 	 LONG 	 CHI 	226	20	2;11.03	2.91667	20	5.500000	2	7.000000	0	0	0	0	0	33	0	0	0	0	0	0	1	0	0	0	0	0	x
./conllu_clan/LEONARD-13-2_11_30.20pl-CHI.tei_corpo-gsd.conllu.cex 	 LONG 	 CHI 	247	20	2;11.30	2.91667	20	5.100000	1	8.000000	0	0	0	0	0	31	0	0	0	0	0	0	4	0	0	0	1	0	x
./conllu_clan/LEONARD-14-3_02_25.20pl-CHI.tei_corpo-gsd.conllu.cex 	 LONG 	 CHI 	266	20	3;02.25	3.16667	20	5.300000	2	7.000000	0	0	0	0	0	32	0	0	0	0	0	0	1	0	0	1	0	0	x
./conllu_clan/MADELEINE-02-1_00_05.20pl-CHI.tei_corpo-gsd.conllu.cex 	 LONG 	 CHI 	8	4	1;0.5	1	4	3.000000	0	0	0	0	0	0	0	0	0	0	0	0	0	0	0	0	0	0	0	0	x
./conllu_clan/MADELEINE-03-1_01_10.20pl-CHI.tei_corpo-gsd.conllu.cex 	 LONG 	 CHI 	14	7	1;1.10	1.08333	7	2.857143	0	0	0	0	0	0	0	0	0	0	0	0	0	0	0	0	0	0	0	0	x
./conllu_clan/MADELEINE-04-1_02_14.20pl-CHI.tei_corpo-gsd.conllu.cex 	 LONG 	 CHI 	13	4	1;2.14	1.16667	4	2.500000	0	0	0	0	0	0	0	0	0	0	0	0	0	0	0	0	0	0	0	0	x
./conllu_clan/MADELEINE-05-1_02_28.20pl-CHI.tei_corpo-gsd.conllu.cex 	 LONG 	 CHI 	32	12	1;2.28	1.16667	12	2.000000	0	0	0	0	0	0	0	0	0	0	0	0	0	0	0	0	0	0	0	0	x
./conllu_clan/MADELEINE-06-1_03_18.20pl-CHI.tei_corpo-gsd.conllu.cex 	 LONG 	 CHI 	10	5	1;3.18	1.25	5	3.000000	0	0	0	0	0	0	0	0	0	0	0	0	0	0	0	0	0	0	0	0	x
./conllu_clan/MADELEINE-07-1_04_18.20pl-CHI.tei_corpo-gsd.conllu.cex 	 LONG 	 CHI 	41	18	1;4.18	1.33333	18	2.722222	0	0	0	0	0	0	0	0	0	0	0	0	0	0	0	0	0	0	0	0	x
./conllu_clan/MADELEINE-08-1_06_04.20pl-CHI.tei_corpo-gsd.conllu.cex 	 LONG 	 CHI 	67	20	1;6.4	1.5	20	2.650000	0	0	0	0	0	0	0	0	0	0	0	0	0	0	0	0	0	0	0	0	x
./conllu_clan/MADELEINE-09-1_07_15.20pl-CHI.tei_corpo-gsd.conllu.cex 	 LONG 	 CHI 	86	20	1;7.15	1.58333	20	2.800000	0	0	0	0	0	0	0	0	0	0	0	0	0	0	0	0	0	0	0	0	x
./conllu_clan/MADELEINE-10-1_09_03.20pl-CHI.tei_corpo-gsd.conllu.cex 	 LONG 	 CHI 	113	20	1;9.3	1.75	20	3.650000	0	0	0	0	0	0	0	0	0	0	0	0	0	0	0	0	0	0	0	0	x
./conllu_clan/MADELEINE-11-1_10_07.20pl-CHI.tei_corpo-gsd.conllu.cex 	 LONG 	 CHI 	132	20	1;10.7	1.83333	20	3.800000	0	0	0	0	0	0	0	3	0	0	0	0	0	0	0	0	0	0	0	0	x
./conllu_clan/MADELEINE-12-1_11_13.20pl-CHI.tei_corpo-gsd.conllu.cex 	 LONG 	 CHI 	143	20	1;11.13	1.91667	20	4.100000	0	0	0	0	0	0	0	4	0	0	0	0	0	0	1	0	0	0	0	0	x
./conllu_clan/MADELEINE-13-2_01_02.20pl-CHI.tei_corpo-gsd.conllu.cex 	 LONG 	 CHI 	165	20	2;1.2	2.08333	20	4.200000	0	0	0	0	0	0	0	2	0	0	0	0	0	0	1	0	0	0	0	0	x
./conllu_clan/MADELEINE-14-2_02_06.20pl-CHI.tei_corpo-gsd.conllu.cex 	 LONG 	 CHI 	210	20	2;2.6	2.16667	20	5.100000	1	7.000000	0	0	0	0	0	12	0	0	0	0	0	0	2	0	0	0	0	0	x
./conllu_clan/MADELEINE-15-2_03_05.20pl-CHI.tei_corpo-gsd.conllu.cex 	 LONG 	 CHI 	216	20	2;3.5	2.25	20	4.750000	2	7.000000	0	0	0	0	0	10	0	0	0	0	0	0	1	0	0	0	0	0	x
./conllu_clan/MADELEINE-16-2_04_15.20pl-CHI.tei_corpo-gsd.conllu.cex 	 LONG 	 CHI 	245	20	2;4.15	2.33333	20	5.050000	0	0	0	0	0	0	0	27	0	0	0	0	0	0	1	0	0	0	0	0	x
./conllu_clan/MADELEINE-17-2_05_12.20pl-CHI.tei_corpo-gsd.conllu.cex 	 LONG 	 CHI 	259	20	2;5.12	2.41667	20	5.350000	2	7.000000	0	0	0	0	0	16	0	0	0	0	0	0	2	0	0	0	0	0	x
./conllu_clan/MADELEINE-18-2_06_10.20pl-CHI.tei_corpo-gsd.conllu.cex 	 LONG 	 CHI 	220	20	2;6.10	2.5	20	5.000000	1	7.000000	0	0	0	0	0	6	0	0	0	0	0	0	1	0	0	0	0	0	x
./conllu_clan/MADELEINE-19-2_07_07.20pl-CHI.tei_corpo-gsd.conllu.cex 	 LONG 	 CHI 	292	20	2;7.7	2.58333	20	5.400000	1	7.000000	0	0	0	0	0	50	0	0	0	0	0	0	1	0	0	0	0	0	x
./conllu_clan/MADELEINE-20-2_08_05.20pl-CHI.tei_corpo-gsd.conllu.cex 	 LONG 	 CHI 	307	20	2;8.5	2.66667	20	5.600000	4	7.250000	0	0	0	0	0	39	0	0	0	0	0	0	1	0	0	0	0	0	x
./conllu_clan/MADELEINE-21-2_09_16.20pl-CHI.tei_corpo-gsd.conllu.cex 	 LONG 	 CHI 	278	20	2;9.16	2.75	20	6.300000	7	7.714286	0	0	0	0	0	28	0	0	0	0	0	0	1	0	0	1	0	0	x
./conllu_clan/MADELEINE-22-2_10_20.20pl-CHI.tei_corpo-gsd.conllu.cex 	 LONG 	 CHI 	316	20	2;10.20	2.83333	20	5.700000	4	7.000000	0	0	0	0	0	52	0	0	0	0	0	0	3	0	0	2	0	0	x
./conllu_clan/MADELEINE-23-2_11_19.20pl-CHI.tei_corpo-gsd.conllu.cex 	 LONG 	 CHI 	400	20	2;11.19	2.91667	20	6.150000	6	8.166667	0	0	0	0	0	67	0	0	0	0	0	0	0	0	0	3	0	0	x
./conllu_clan/MADELEINE-24-3_00_28.20pl-CHI.tei_corpo-gsd.conllu.cex 	 LONG 	 CHI 	280	20	3;0.28	3	20	5.500000	1	7.000000	0	0	0	0	0	34	0	0	0	0	0	0	3	0	0	0	0	0	x
./conllu_clan/MADELEINE-25-3_03_02.20pl-CHI.tei_corpo-gsd.conllu.cex 	 LONG 	 CHI 	334	20	3;3.2	3.25	20	6.050000	7	7.142857	0	0	0	0	0	52	0	0	0	0	0	0	4	0	0	1	0	0	x
./conllu_clan/MADELEINE-26-3_06_08.20pl-CHI.tei_corpo-gsd.conllu.cex 	 LONG 	 CHI 	339	20	3;6.8	3.5	20	5.700000	4	7.000000	0	0	0	0	0	43	0	0	0	0	0	0	2	0	0	1	0	0	x
./conllu_clan/MADELEINE-27-3_09_07.20pl-CHI.tei_corpo-gsd.conllu.cex 	 LONG 	 CHI 	269	20	3;09.07	3.75	20	5.350000	4	7.750000	0	0	0	0	0	27	0	0	0	0	0	0	3	0	0	1	0	0	x
./conllu_clan/MADELEINE-28-3_09_28.20pl-CHI.tei_corpo-gsd.conllu.cex 	 LONG 	 CHI 	369	20	3;09.28	3.75	20	6.450000	10	7.400000	0	0	0	0	0	60	0	0	0	0	0	0	8	0	0	2	1	0	x
./conllu_clan/MADELEINE-29-4_01_27.20pl-CHI.tei_corpo-gsd.conllu.cex 	 LONG 	 CHI 	387	21	4;01.27	4.08333	21	5.714286	7	7.000000	0	0	0	0	0	53	0	0	0	0	0	0	5	0	0	2	2	0	x
./conllu_clan/MADELEINE-30-4_07_04.20pl-CHI.tei_corpo-gsd.conllu.cex 	 LONG 	 CHI 	398	20	4;07.04	4.58333	20	6.000000	7	7.000000	0	0	0	0	0	54	0	0	0	0	0	0	3	0	0	0	0	0	x
./conllu_clan/MADELEINE-31-4_10_03.20pl-CHI.tei_corpo-gsd.conllu.cex 	 LONG 	 CHI 	294	20	4;10.03	4.83333	20	5.550000	2	7.500000	0	0	0	0	0	31	0	0	0	0	0	0	2	0	0	0	0	0	x
./conllu_clan/MADELEINE-32-5_01_05.20pl-CHI.tei_corpo-gsd.conllu.cex 	 LONG 	 CHI 	455	20	5;01.05	5.08333	20	6.250000	8	7.375000	0	0	0	0	0	61	0	0	0	0	0	0	3	0	0	4	0	0	x
./conllu_clan/MADELEINE-33-5_05_08.20pl-CHI.tei_corpo-gsd.conllu.cex 	 LONG 	 CHI 	367	20	5;05.08	5.41667	20	6.100000	7	7.428571	0	0	0	0	0	46	0	0	0	0	0	0	3	0	0	1	1	0	x
./conllu_clan/MADELEINE-34-5_10_16.20pl-CHI.tei_corpo-gsd.conllu.cex 	 LONG 	 CHI 	451	20	5;10.16	5.83333	20	6.400000	9	7.222222	0	0	0	0	0	82	0	0	0	0	0	0	5	0	0	1	1	0	x
./conllu_clan/MADELEINE-35-6_05_14.20pl-CHI.tei_corpo-gsd.conllu.cex 	 LONG 	 CHI 	379	20	6;05.14	6.41667	20	5.800000	3	7.666667	0	0	0	0	0	55	0	0	0	0	0	0	1	0	0	1	0	0	x
./conllu_clan/MADELEINE-36-6_11_27.20pl-CHI.tei_corpo-gsd.conllu.cex 	 LONG 	 CHI 	450	20	6;11.27	6.91667	20	6.950000	11	7.909091	0	0	0	0	0	59	0	0	0	0	0	0	2	0	0	1	1	0	x
./conllu_clan/THEOPHILE-08-1_02_10.20pl-CHI.tei_corpo-gsd.conllu.cex 	 LONG 	 CHI 	5	2	1;02.10	1.16667	2	2.000000	0	0	0	0	0	0	0	0	0	0	0	0	0	0	0	0	0	0	0	0	x
./conllu_clan/THEOPHILE-09-1_03_02.20pl-CHI.tei_corpo-gsd.conllu.cex 	 LONG 	 CHI 	3	1	1;03.02	1.25	1	3.000000	0	0	0	0	0	0	0	0	0	0	0	0	0	0	0	0	0	0	0	0	x
./conllu_clan/THEOPHILE-10-1_04_01.20pl-CHI.tei_corpo-gsd.conllu.cex 	 LONG 	 CHI 	9	3	1;04.01	1.33333	3	2.666667	0	0	0	0	0	0	0	0	0	0	0	0	0	0	0	0	0	0	0	0	x
./conllu_clan/THEOPHILE-11-1_05_05.20pl-CHI.tei_corpo-gsd.conllu.cex 	 LONG 	 CHI 	26	8	1;05.05	1.41667	8	2.875000	0	0	0	0	0	0	0	0	0	0	0	0	0	0	0	0	0	0	0	0	x
./conllu_clan/THEOPHILE-12-1_06_08.20pl-CHI.tei_corpo-gsd.conllu.cex 	 LONG 	 CHI 	19	6	1;06.08	1.5	6	2.833333	0	0	0	0	0	0	0	0	0	0	0	0	0	0	0	0	0	0	0	0	x
./conllu_clan/THEOPHILE-13-1_07_01.20pl-CHI.tei_corpo-gsd.conllu.cex 	 LONG 	 CHI 	44	14	1;07.01	1.58333	14	2.785714	0	0	0	0	0	0	0	0	0	0	0	0	0	0	0	0	0	0	0	0	x
./conllu_clan/THEOPHILE-14-1_08_08.20pl-CHI.tei_corpo-gsd.conllu.cex 	 LONG 	 CHI 	20	7	1;08.08	1.66667	7	2.571429	0	0	0	0	0	0	0	0	0	0	0	0	0	0	0	0	0	0	0	0	x
./conllu_clan/THEOPHILE-15-1_09_06.20pl-CHI.tei_corpo-gsd.conllu.cex 	 LONG 	 CHI 	29	10	1;09.06	1.75	10	2.200000	0	0	0	0	0	0	0	0	0	0	0	0	0	0	0	0	0	0	0	0	x
./conllu_clan/THEOPHILE-16-1_10_00.20pl-CHI.tei_corpo-gsd.conllu.cex 	 LONG 	 CHI 	70	20	1;10.00	1.83333	20	2.250000	0	0	0	0	0	0	0	0	0	0	0	0	0	0	0	0	0	0	0	0	x
./conllu_clan/THEOPHILE-17-1_11_07.20pl-CHI.tei_corpo-gsd.conllu.cex 	 LONG 	 CHI 	66	20	1;11.07	1.91667	20	2.700000	0	0	0	0	0	0	0	0	0	0	0	0	0	0	0	0	0	0	0	0	x
./conllu_clan/THEOPHILE-18-1_11_25.20pl-CHI.tei_corpo-gsd.conllu.cex 	 LONG 	 CHI 	46	20	1;11.25	1.91667	20	1.950000	0	0	0	0	0	0	0	0	0	0	0	0	0	0	0	0	0	0	0	0	x
./conllu_clan/THEOPHILE-19-2_00_20.20pl-CHI.tei_corpo-gsd.conllu.cex 	 LONG 	 CHI 	74	20	2;00.20	2	20	2.500000	0	0	0	0	0	0	0	2	0	0	0	0	0	0	0	0	0	0	0	0	x
./conllu_clan/THEOPHILE-20-2_02_08.20pl-CHI.tei_corpo-gsd.conllu.cex 	 LONG 	 CHI 	109	20	2;02.08	2.16667	20	3.300000	0	0	0	0	0	0	0	1	0	0	0	0	0	0	0	0	0	0	0	0	x
./conllu_clan/THEOPHILE-21-2_03_01.20pl-CHI.tei_corpo-gsd.conllu.cex 	 LONG 	 CHI 	93	20	2;03.01	2.25	20	3.200000	0	0	0	0	0	0	0	4	0	0	0	0	0	0	1	0	0	0	0	0	x
./conllu_clan/THEOPHILE-22-2_04_05.20pl-CHI.tei_corpo-gsd.conllu.cex 	 LONG 	 CHI 	112	20	2;04.05	2.33333	20	3.300000	0	0	0	0	0	0	0	11	0	0	0	0	0	0	0	0	0	0	0	0	x
./conllu_clan/THEOPHILE-23-2_04_29.20pl-CHI.tei_corpo-gsd.conllu.cex 	 LONG 	 CHI 	92	20	2;04.29	2.33333	20	3.700000	0	0	0	0	0	0	0	5	0	0	0	0	0	0	0	0	0	0	0	0	x
./conllu_clan/THEOPHILE-24-2_06_03.20pl-CHI.tei_corpo-gsd.conllu.cex 	 LONG 	 CHI 	122	20	2;06.03	2.5	20	3.300000	0	0	0	0	0	0	0	8	0	0	0	0	0	0	0	0	0	0	0	0	x
./conllu_clan/THEOPHILE-25-2_07_04.20pl-CHI.tei_corpo-gsd.conllu.cex 	 LONG 	 CHI 	120	20	2;07.04	2.58333	20	3.950000	0	0	0	0	0	0	0	9	0	0	0	0	0	0	1	0	0	0	0	0	x
./conllu_clan/THEOPHILE-26-2_07_28.20pl-CHI.tei_corpo-gsd.conllu.cex 	 LONG 	 CHI 	119	20	2;07.28	2.58333	20	3.900000	0	0	0	0	0	0	0	11	0	0	0	0	0	0	1	0	0	0	0	0	x
./conllu_clan/THEOPHILE-27-2_09_07.20pl-CHI.tei_corpo-gsd.conllu.cex 	 LONG 	 CHI 	137	20	2;09.07	2.75	20	4.150000	0	0	0	0	0	0	0	10	0	0	0	0	0	0	0	0	0	0	0	0	x
./conllu_clan/THEOPHILE-28-2_10_01.20pl-CHI.tei_corpo-gsd.conllu.cex 	 LONG 	 CHI 	133	20	2;10.01	2.83333	20	4.050000	0	0	0	0	0	0	0	9	0	0	0	0	0	0	0	0	0	0	0	0	x
./conllu_clan/THEOPHILE-29-2_10_28.20pl-CHI.tei_corpo-gsd.conllu.cex 	 LONG 	 CHI 	167	20	2;10.28	2.83333	20	4.550000	0	0	0	0	0	0	0	8	0	0	0	0	0	0	2	0	0	0	0	0	x
./conllu_clan/THEOPHILE-30-2_11_28.20pl-CHI.tei_corpo-gsd.conllu.cex 	 LONG 	 CHI 	150	20	2;11.28	2.91667	20	4.050000	0	0	0	0	0	0	0	8	0	0	0	0	0	0	0	0	0	0	0	0	x
./conllu_clan/THEOPHILE-31-3_02_00.20pl-CHI.tei_corpo-gsd.conllu.cex 	 LONG 	 CHI 	239	20	3;02.00	3.16667	20	4.950000	2	7.000000	0	0	0	0	0	13	0	0	0	0	0	0	1	0	0	0	0	0	x
./conllu_clan/THEOPHILE-32-3_03_02.20pl-CHI.tei_corpo-gsd.conllu.cex 	 LONG 	 CHI 	234	20	3;03.02	3.25	20	5.600000	5	7.200000	0	0	0	0	0	10	0	0	0	0	0	0	0	0	0	0	0	0	x
./conllu_clan/THEOPHILE-33-3_04_10.20pl-CHI.tei_corpo-gsd.conllu.cex 	 LONG 	 CHI 	235	20	3;04.10	3.33333	20	5.100000	2	7.500000	0	0	0	0	0	18	0	0	0	0	0	0	0	0	0	1	0	0	x
./conllu_clan/THEOPHILE-34-3_05_11.20pl-CHI.tei_corpo-gsd.conllu.cex 	 LONG 	 CHI 	211	20	3;05.11	3.41667	20	5.150000	2	8.000000	0	0	0	0	0	30	0	0	0	0	0	0	0	0	0	0	0	0	x
./conllu_clan/THEOPHILE-35-3_06_10.20pl-CHI.tei_corpo-gsd.conllu.cex 	 LONG 	 CHI 	143	20	3;06.10	3.5	20	4.300000	0	0	0	0	0	0	0	6	0	0	0	0	0	0	0	0	0	0	0	0	x
./conllu_clan/THEOPHILE-36-3_07_08.20pl-CHI.tei_corpo-gsd.conllu.cex 	 LONG 	 CHI 	262	20	3;07.08	3.58333	20	5.100000	2	7.000000	0	0	0	0	0	30	0	0	0	0	0	0	2	0	0	1	0	0	x
./conllu_clan/THEOPHILE-37-3_08_15.20pl-CHI.tei_corpo-gsd.conllu.cex 	 LONG 	 CHI 	210	20	3;08.15	3.66667	20	5.350000	6	7.166667	0	0	0	0	0	28	0	0	0	0	0	0	1	0	0	1	0	0	x
./conllu_clan/THEOPHILE-38-3_10_00.20pl-CHI.tei_corpo-gsd.conllu.cex 	 LONG 	 CHI 	291	20	3;10.00	3.83333	20	5.100000	1	8.000000	0	0	0	0	0	46	0	0	0	0	0	0	2	0	0	0	0	0	x
./conllu_clan/THEOPHILE-39-3_11_15.20pl-CHI.tei_corpo-gsd.conllu.cex 	 LONG 	 CHI 	238	20	3;11.0	3.91667	20	5.500000	5	7.200000	0	0	0	0	0	21	0	0	0	0	0	0	1	0	0	1	0	0	x
./conllu_clan/THEOPHILE-40-4_01_24.20pl-CHI.tei_corpo-gsd.conllu.cex 	 LONG 	 CHI 	211	20	4;1.24	4.08333	20	5.150000	5	7.000000	0	0	0	0	0	17	0	0	0	0	0	0	2	0	0	1	1	0	x
./conllu_clan/THEOPHILE-42-4_03_29.20pl-CHI.tei_corpo-gsd.conllu.cex 	 LONG 	 CHI 	322	20	4;03.28	4.25	20	5.900000	7	7.285714	0	0	0	0	0	65	0	0	0	0	0	0	2	0	0	0	0	0	x
./conllu_clan/THEOPHILE-43-4_06_20.20pl-CHI.tei_corpo-gsd.conllu.cex 	 LONG 	 CHI 	336	20	4;06.20	4.5	20	5.800000	5	7.200000	0	0	0	0	0	50	0	0	0	0	0	0	2	0	0	1	2	0	x
./conllu_clan/THEOPHILE-44-4_09_07.20pl-CHI.tei_corpo-gsd.conllu.cex 	 LONG 	 CHI 	347	20	4;09.07	4.75	20	6.250000	7	7.714286	0	0	0	0	0	41	0	0	0	0	0	0	2	0	0	0	0	0	x
./conllu_clan/THEOPHILE-45-4_11_11.20pl-CHI.tei_corpo-gsd.conllu.cex 	 LONG 	 CHI 	370	20	4;11.11	4.91667	20	5.900000	5	7.800000	0	0	0	0	0	45	0	0	0	0	0	0	2	0	0	0	0	0	x
./conllu_clan/THEOPHILE-46-5_04_13.20pl-CHI.tei_corpo-gsd.conllu.cex 	 LONG 	 CHI 	254	20	5;04.13	5.33333	20	5.700000	4	7.250000	0	0	0	0	0	24	0	0	0	0	0	0	3	0	0	0	1	0	x
./conllu_clan/THEOPHILE-47-5_09_26.20pl-CHI.tei_corpo-gsd.conllu.cex 	 LONG 	 CHI 	292	20	5;09.26	5.75	20	6.100000	6	7.500000	0	0	0	0	0	37	0	0	0	0	0	0	3	0	0	1	0	0	x
./conllu_clan/THEOPHILE-48-6_03_28.20pl-CHI.tei_corpo-gsd.conllu.cex 	 LONG 	 CHI 	252	20	6;03.28	6.25	20	5.700000	6	7.166667	0	0	0	0	0	35	0	0	0	0	0	0	2	0	0	0	1	0	x
./conllu_clan/ADRIEN-01-1_03_09.20pl-ADU.tei_corpo-gsd.conllu.cex 	 LONG 	 ADU 	288	20	40;0.0	40	20	6.050000	4	8.250000	0	0	0	0	0	38	0	0	0	0	0	0	1	0	0	2	0	0	x
./conllu_clan/ADRIEN-02-1_04_10.20pl-ADU.tei_corpo-gsd.conllu.cex 	 LONG 	 ADU 	283	20	40;0.0	40	20	4.950000	2	7.000000	0	0	0	0	0	39	0	0	0	0	0	0	2	0	0	0	0	0	x
./conllu_clan/ADRIEN-06-1_09_08.20pl-ADU.tei_corpo-gsd.conllu.cex 	 LONG 	 ADU 	134	20	40;0.0	40	20	3.900000	0	0	0	0	0	0	0	9	0	0	0	0	0	0	2	0	0	0	0	0	x
./conllu_clan/ADRIEN-08-1_11_14.20pl-ADU.tei_corpo-gsd.conllu.cex 	 LONG 	 ADU 	359	20	40;0.0	40	20	5.600000	5	7.200000	0	0	0	0	0	27	0	0	0	0	0	0	1	0	0	1	0	0	x
./conllu_clan/ADRIEN-09-2_00_15.20pl-ADU.tei_corpo-gsd.conllu.cex 	 LONG 	 ADU 	322	20	40;0.0	40	20	5.400000	3	7.333333	0	0	0	0	0	25	0	0	0	0	0	0	2	0	0	0	0	0	x
./conllu_clan/ADRIEN-10-2_01_12.20pl-ADU.tei_corpo-gsd.conllu.cex 	 LONG 	 ADU 	418	20	40;0.0	40	20	6.500000	8	8.375000	0	0	0	0	0	50	0	0	0	0	0	0	5	0	0	1	0	0	x
./conllu_clan/ADRIEN-11-2_02_00.20pl-ADU.tei_corpo-gsd.conllu.cex 	 LONG 	 ADU 	262	20	40;0.0	40	20	5.350000	1	9.000000	0	0	0	0	0	27	0	0	0	0	0	0	2	0	0	0	0	0	x
./conllu_clan/ADRIEN-12-2_02_22.20pl-ADU.tei_corpo-gsd.conllu.cex 	 LONG 	 ADU 	324	20	40;0.0	40	20	5.650000	4	7.750000	0	0	0	0	0	25	0	0	0	0	0	0	3	0	0	1	0	0	x
./conllu_clan/ADRIEN-13-2_03_28.20pl-ADU.tei_corpo-gsd.conllu.cex 	 LONG 	 ADU 	430	20	40;0.0	40	20	6.000000	3	7.666667	0	0	0	0	0	66	0	0	0	0	0	0	3	0	0	2	0	0	x
./conllu_clan/ADRIEN-14-2_04_26.20pl-ADU.tei_corpo-gsd.conllu.cex 	 LONG 	 ADU 	401	20	40;0.0	40	20	5.600000	3	8.000000	0	0	0	0	0	37	0	0	0	0	0	0	4	0	0	0	0	0	x
./conllu_clan/ADRIEN-15-2_05_22.20pl-ADU.tei_corpo-gsd.conllu.cex 	 LONG 	 ADU 	390	20	40;0.0	40	20	6.350000	8	7.625000	0	0	0	0	0	44	0	0	0	0	0	0	1	0	0	1	1	0	x
./conllu_clan/ADRIEN-16-2_07_18.20pl-ADU.tei_corpo-gsd.conllu.cex 	 LONG 	 ADU 	415	20	40;0.0	40	20	5.550000	3	7.333333	0	0	0	0	0	44	0	0	0	0	0	0	5	0	0	0	0	0	x
./conllu_clan/ADRIEN-17-2_08_12.20pl-ADU.tei_corpo-gsd.conllu.cex 	 LONG 	 ADU 	397	20	40;0.0	40	20	6.100000	7	7.571429	0	0	0	0	0	47	0	0	0	0	0	0	2	0	0	1	0	0	x
./conllu_clan/ADRIEN-18-2_09_13.20pl-ADU.tei_corpo-gsd.conllu.cex 	 LONG 	 ADU 	388	20	40;0.0	40	20	5.500000	2	7.000000	0	0	0	0	0	41	0	0	0	0	0	0	2	0	0	0	0	0	x
./conllu_clan/ADRIEN-19-2_10_14.20pl-ADU.tei_corpo-gsd.conllu.cex 	 LONG 	 ADU 	376	20	40;0.0	40	20	5.950000	7	7.285714	0	0	0	0	0	29	0	0	0	0	0	0	3	0	0	0	0	0	x
./conllu_clan/ADRIEN-20-2_11_11.20pl-ADU.tei_corpo-gsd.conllu.cex 	 LONG 	 ADU 	337	20	40;0.0	40	20	5.450000	3	7.000000	0	0	0	0	0	39	0	0	0	0	0	0	4	0	0	1	1	0	x
./conllu_clan/ADRIEN-21-3_00_15.20pl-ADU.tei_corpo-gsd.conllu.cex 	 LONG 	 ADU 	320	20	40;0.0	40	20	5.350000	2	7.500000	0	0	0	0	0	19	0	0	0	0	0	0	1	0	0	0	1	0	x
./conllu_clan/ADRIEN-22-3_01_13.20pl-ADU.tei_corpo-gsd.conllu.cex 	 LONG 	 ADU 	423	20	40;0.0	40	20	6.600000	9	8.222222	0	0	0	0	0	53	0	0	0	0	0	0	3	0	0	0	2	0	x
./conllu_clan/ADRIEN-23-3_02_12.20pl-ADU.tei_corpo-gsd.conllu.cex 	 LONG 	 ADU 	390	20	40;0.0	40	20	5.300000	3	7.666667	0	0	0	0	0	50	0	0	0	0	0	0	4	0	0	1	1	0	x
./conllu_clan/ADRIEN-24-3_03_12.20pl-ADU.tei_corpo-gsd.conllu.cex 	 LONG 	 ADU 	417	20	40;0.0	40	20	6.000000	6	8.000000	0	0	0	0	0	50	0	0	0	0	0	0	2	0	0	0	1	0	x
./conllu_clan/ADRIEN-25-3_04_14.20pl-ADU.tei_corpo-gsd.conllu.cex 	 LONG 	 ADU 	468	20	40;0.0	40	20	6.100000	8	7.500000	0	0	0	0	0	52	0	0	0	0	0	0	3	0	0	0	0	0	x
./conllu_clan/ADRIEN-26-3_05_14.20pl-ADU.tei_corpo-gsd.conllu.cex 	 LONG 	 ADU 	372	20	40;0.0	40	20	5.950000	6	7.333333	0	0	0	0	0	40	0	0	0	0	0	0	3	0	0	0	0	0	x
./conllu_clan/ADRIEN-27-3_08_05.20pl-ADU.tei_corpo-gsd.conllu.cex 	 LONG 	 ADU 	365	20	40;0.0	40	20	5.900000	5	7.600000	0	0	0	0	0	41	0	0	0	0	0	0	7	0	0	4	0	0	x
./conllu_clan/ADRIEN-28-3_09_09.20pl-ADU.tei_corpo-gsd.conllu.cex 	 LONG 	 ADU 	352	20	40;0.0	40	20	5.700000	5	7.200000	0	0	0	0	0	45	0	0	0	0	0	0	1	0	0	3	0	0	x
./conllu_clan/ADRIEN-29-3_10_13.20pl-ADU.tei_corpo-gsd.conllu.cex 	 LONG 	 ADU 	337	20	40;0.0	40	20	5.900000	6	7.833333	0	0	0	0	0	35	0	0	0	0	0	0	3	0	0	2	0	0	x
./conllu_clan/ADRIEN-30-3_11_13.20pl-ADU.tei_corpo-gsd.conllu.cex 	 LONG 	 ADU 	448	20	40;0.0	40	20	5.800000	2	8.000000	0	0	0	0	0	55	0	0	0	0	0	0	3	0	0	1	1	0	x
./conllu_clan/ADRIEN-31-4_00_15.20pl-ADU.tei_corpo-gsd.conllu.cex 	 LONG 	 ADU 	301	20	40;0.0	40	20	5.550000	5	7.400000	0	0	0	0	0	32	0	0	0	0	0	0	3	0	0	4	1	0	x
./conllu_clan/ADRIEN-32-4_01_12.20pl-ADU.tei_corpo-gsd.conllu.cex 	 LONG 	 ADU 	457	20	40;0.0	40	20	6.250000	6	7.833333	0	0	0	0	0	70	0	0	0	0	0	0	6	0	0	4	0	0	x
./conllu_clan/ADRIEN-33-4_02_15.20pl-ADU.tei_corpo-gsd.conllu.cex 	 LONG 	 ADU 	419	21	40;0.0	40	21	5.619048	8	7.125000	0	0	0	0	0	50	0	0	0	0	0	0	4	0	0	1	0	0	x
./conllu_clan/ADRIEN-34-4_03_26.20pl-ADU.tei_corpo-gsd.conllu.cex 	 LONG 	 ADU 	335	20	40;0.0	40	20	5.150000	1	8.000000	0	0	0	0	0	33	0	0	0	0	0	0	2	0	0	1	1	0	x
./conllu_clan/ANAE-01-1_04_20.20pl-ADU.tei_corpo-gsd.conllu.cex 	 LONG 	 ADU 	307	20	40;0.0	40	20	5.800000	5	7.200000	0	0	0	0	0	42	0	0	0	0	0	0	3	0	0	1	0	0	x
./conllu_clan/ANAE-02-1_06_08.20pl-ADU.tei_corpo-gsd.conllu.cex 	 LONG 	 ADU 	351	20	40;0.0	40	20	5.850000	5	7.400000	0	0	0	0	0	42	0	0	0	0	0	0	4	0	0	1	0	0	x
./conllu_clan/ANAE-03-1_07_03.20pl-ADU.tei_corpo-gsd.conllu.cex 	 LONG 	 ADU 	293	20	40;0.0	40	20	5.650000	5	7.200000	0	0	0	0	0	28	0	0	0	0	0	0	1	0	0	0	0	0	x
./conllu_clan/ANAE-04-1_09_04.20pl-ADU.tei_corpo-gsd.conllu.cex 	 LONG 	 ADU 	362	20	40;0.0	40	20	5.800000	5	7.200000	0	0	0	0	0	46	0	0	0	0	0	0	3	0	0	0	0	0	x
./conllu_clan/ANAE-05-1_10_18.20pl-ADU.tei_corpo-gsd.conllu.cex 	 LONG 	 ADU 	371	20	40;0.0	40	20	6.100000	8	7.125000	0	0	0	0	0	54	0	0	0	0	0	0	3	0	0	2	1	0	x
./conllu_clan/ANAE-06-2_00_00.20pl-ADU.tei_corpo-gsd.conllu.cex 	 LONG 	 ADU 	310	20	40;0.0	40	20	5.600000	5	7.200000	0	0	0	0	0	39	0	0	0	0	0	0	4	0	0	1	0	0	x
./conllu_clan/ANAE-07-2_00_26.20pl-ADU.tei_corpo-gsd.conllu.cex 	 LONG 	 ADU 	241	20	40;0.0	40	20	5.000000	1	8.000000	0	0	0	0	0	19	0	0	0	0	0	0	6	0	0	0	0	0	x
./conllu_clan/ANAE-08-2_01_05.20pl-ADU.tei_corpo-gsd.conllu.cex 	 LONG 	 ADU 	324	20	40;0.0	40	20	5.800000	5	7.000000	0	0	0	0	0	35	0	0	0	0	0	0	1	0	0	0	0	0	x
./conllu_clan/ANAE-09-2_02_16.20pl-ADU.tei_corpo-gsd.conllu.cex 	 LONG 	 ADU 	329	20	40;0.0	40	20	6.100000	8	7.500000	0	0	0	0	0	27	0	0	0	0	0	0	3	0	0	1	1	0	x
./conllu_clan/ANAE-10-2_03_30.20pl-ADU.tei_corpo-gsd.conllu.cex 	 LONG 	 ADU 	388	20	40;0.0	40	20	6.400000	9	7.333333	0	0	0	0	0	38	0	0	0	0	0	0	9	0	0	1	0	0	x
./conllu_clan/ANAE-11-2_04_28.20pl-ADU.tei_corpo-gsd.conllu.cex 	 LONG 	 ADU 	338	20	40;0.0	40	20	5.650000	4	7.750000	0	0	0	0	0	35	0	0	0	0	0	0	5	0	0	0	0	0	x
./conllu_clan/ANAE-12-2_05_30.20pl-ADU.tei_corpo-gsd.conllu.cex 	 LONG 	 ADU 	342	20	40;0.0	40	20	5.550000	5	7.000000	0	0	0	0	0	34	0	0	0	0	0	0	7	0	0	1	0	0	x
./conllu_clan/ANAE-13-2_06_27.20pl-ADU.tei_corpo-gsd.conllu.cex 	 LONG 	 ADU 	343	20	40;0.0	40	20	5.700000	3	8.000000	0	0	0	0	0	44	0	0	0	0	0	0	3	0	0	1	0	0	x
./conllu_clan/ANAE-14-2_08_04.20pl-ADU.tei_corpo-gsd.conllu.cex 	 LONG 	 ADU 	376	20	40;0.0	40	20	6.850000	11	7.909091	0	0	0	0	0	39	0	0	0	0	0	0	4	0	0	3	0	0	x
./conllu_clan/ANAE-15-2_09_23.20pl-ADU.tei_corpo-gsd.conllu.cex 	 LONG 	 ADU 	300	20	40;0.0	40	20	5.400000	3	8.000000	0	0	0	0	0	26	0	0	0	0	0	0	2	0	0	1	0	0	x
./conllu_clan/ANAE-16-2_10_24.20pl-ADU.tei_corpo-gsd.conllu.cex 	 LONG 	 ADU 	391	20	40;0.0	40	20	5.900000	7	7.000000	0	0	0	0	0	51	0	0	0	0	0	0	4	0	0	1	0	0	x
./conllu_clan/ANAE-17-2_11_22.20pl-ADU.tei_corpo-gsd.conllu.cex 	 LONG 	 ADU 	350	20	40;0.0	40	20	6.400000	8	7.750000	0	0	0	0	0	41	0	0	0	0	0	0	4	0	0	2	1	0	x
./conllu_clan/ANAE-18-3_01_07.20pl-ADU.tei_corpo-gsd.conllu.cex 	 LONG 	 ADU 	349	20	40;0.0	40	20	6.000000	3	7.666667	0	0	0	0	0	41	0	0	0	0	0	0	5	0	0	1	0	0	x
./conllu_clan/ANAE-19-3_03_00.20pl-ADU.tei_corpo-gsd.conllu.cex 	 LONG 	 ADU 	413	20	40;0.0	40	20	6.050000	7	7.571429	0	0	0	0	0	54	0	0	0	0	0	0	6	0	0	5	1	0	x
./conllu_clan/ANAE-20-3_04_27.20pl-ADU.tei_corpo-gsd.conllu.cex 	 LONG 	 ADU 	380	20	40;0.0	40	20	6.350000	6	8.000000	0	0	0	0	0	53	0	0	0	0	0	0	7	0	0	1	0	0	x
./conllu_clan/ANAE-21-3_05_22.20pl-ADU.tei_corpo-gsd.conllu.cex 	 LONG 	 ADU 	462	21	40;0.0	40	21	6.095238	5	8.600000	0	0	0	0	0	47	0	0	0	0	0	0	6	0	0	1	0	0	x
./conllu_clan/ANAE-22-3_06_27.20pl-ADU.tei_corpo-gsd.conllu.cex 	 LONG 	 ADU 	416	20	40;0.0	40	20	5.650000	3	8.000000	0	0	0	0	0	51	0	0	0	0	0	0	4	0	0	0	0	0	x
./conllu_clan/ANAE-23-3_08_10.20pl-ADU.tei_corpo-gsd.conllu.cex 	 LONG 	 ADU 	396	20	40;0.0	40	20	5.650000	3	7.000000	0	0	0	0	0	50	0	0	0	0	0	0	5	0	0	0	0	0	x
./conllu_clan/ANAE-24-3_10_00.20pl-ADU.tei_corpo-gsd.conllu.cex 	 LONG 	 ADU 	425	20	40;0.0	40	20	5.950000	4	7.250000	0	0	0	0	0	47	0	0	0	0	0	0	6	0	0	3	0	0	x
./conllu_clan/ANAE-25-4_00_13.20pl-ADU.tei_corpo-gsd.conllu.cex 	 LONG 	 ADU 	270	20	40;0.0	40	20	5.450000	4	7.250000	0	0	0	0	0	25	0	0	0	0	0	0	8	0	0	2	1	0	x
./conllu_clan/ANAE-26-4_01_18.20pl-ADU.tei_corpo-gsd.conllu.cex 	 LONG 	 ADU 	379	20	40;0.0	40	20	5.750000	5	7.200000	0	0	0	0	0	46	0	0	0	0	0	0	7	0	0	1	0	0	x
./conllu_clan/ANAE-27-4_04_10.20pl-ADU.tei_corpo-gsd.conllu.cex 	 LONG 	 ADU 	395	20	40;0.0	40	20	6.150000	6	7.833333	0	0	0	0	0	47	0	0	0	0	0	0	5	0	0	1	3	0	x
./conllu_clan/ANAE-28-4_05_24.20pl-ADU.tei_corpo-gsd.conllu.cex 	 LONG 	 ADU 	375	20	40;0.0	40	20	5.800000	4	7.250000	0	0	0	0	0	42	0	0	0	0	0	0	6	0	0	1	1	0	x
./conllu_clan/ANAE-29-4_08_09.20pl-ADU.tei_corpo-gsd.conllu.cex 	 LONG 	 ADU 	377	20	40;0.0	40	20	6.200000	7	7.285714	0	0	0	0	0	46	0	0	0	0	0	0	3	0	0	1	2	0	x
./conllu_clan/ANAE-30-5_01_21.20pl-ADU.tei_corpo-gsd.conllu.cex 	 LONG 	 ADU 	336	20	40;0.0	40	20	5.600000	3	7.333333	0	0	0	0	0	47	0	0	0	0	0	0	3	0	0	1	0	0	x
./conllu_clan/ANAE-31-5_07_06.20pl-ADU.tei_corpo-gsd.conllu.cex 	 LONG 	 ADU 	371	20	40;0.0	40	20	6.300000	7	7.714286	0	0	0	0	0	45	0	0	0	0	0	0	7	0	0	4	0	0	x
./conllu_clan/ANAE-32-5_10_30.20pl-ADU.tei_corpo-gsd.conllu.cex 	 LONG 	 ADU 	343	20	40;0.0	40	20	6.050000	7	7.857143	0	0	0	0	0	44	0	0	0	0	0	0	1	0	0	2	0	0	x
./conllu_clan/ANTOINE-01-0_00_13.20pl-ADU.tei_corpo-gsd.conllu.cex 	 LONG 	 ADU 	165	20	40;0.0	40	20	4.800000	3	8.000000	0	0	0	0	0	9	0	0	0	0	0	0	1	0	0	0	0	0	x
./conllu_clan/ANTOINE-02-0_01_15.20pl-ADU.tei_corpo-gsd.conllu.cex 	 LONG 	 ADU 	1	1	40;0.0	40	1	1.000000	0	0	0	0	0	0	0	0	0	0	0	0	0	0	0	0	0	0	0	0	x
./conllu_clan/ANTOINE-05-0_05_26.20pl-ADU.tei_corpo-gsd.conllu.cex 	 LONG 	 ADU 	7	1	40;0.0	40	1	5.000000	0	0	0	0	0	0	0	0	0	0	0	0	0	0	1	0	0	0	0	0	x
./conllu_clan/ANTOINE-07-0_07_16.20pl-ADU.tei_corpo-gsd.conllu.cex 	 LONG 	 ADU 	45	7	40;0.0	40	7	3.714286	0	0	0	0	0	0	0	0	0	0	0	0	0	0	2	0	0	0	0	0	x
./conllu_clan/ANTOINE-08-0_08_03.20pl-ADU.tei_corpo-gsd.conllu.cex 	 LONG 	 ADU 	492	20	40;0.0	40	20	6.650000	10	7.700000	0	0	0	0	0	61	0	0	0	0	0	0	4	0	0	1	3	0	x
./conllu_clan/ANTOINE-09-0_09_07.20pl-ADU.tei_corpo-gsd.conllu.cex 	 LONG 	 ADU 	384	20	40;0.0	40	20	6.500000	9	7.666667	0	0	0	0	0	54	0	0	0	0	0	0	2	0	0	0	2	0	x
./conllu_clan/ANTOINE-10-0_10_13.20pl-ADU.tei_corpo-gsd.conllu.cex 	 LONG 	 ADU 	29	3	40;0.0	40	3	4.666667	0	0	0	0	0	0	0	3	0	0	0	0	0	0	0	0	0	0	0	0	x
./conllu_clan/ANTOINE-11-0_11_09.20pl-ADU.tei_corpo-gsd.conllu.cex 	 LONG 	 ADU 	81	16	40;0.0	40	16	3.000000	1	7.000000	0	0	0	0	0	1	0	0	0	0	0	0	1	0	0	0	0	0	x
./conllu_clan/ANTOINE-13-1_00_24.20pl-ADU.tei_corpo-gsd.conllu.cex 	 LONG 	 ADU 	336	20	40;0.0	40	20	5.950000	6	7.500000	0	0	0	0	0	42	0	0	0	0	0	0	1	0	0	1	1	0	x
./conllu_clan/ANTOINE-14-1_01_24.20pl-ADU.tei_corpo-gsd.conllu.cex 	 LONG 	 ADU 	540	20	40;0.0	40	20	7.200000	13	8.000000	0	0	0	0	0	78	0	0	0	0	0	0	12	0	0	1	2	0	x
./conllu_clan/ANTOINE-15-1_02_24.20pl-ADU.tei_corpo-gsd.conllu.cex 	 LONG 	 ADU 	498	20	40;0.0	40	20	6.600000	12	7.166667	0	0	0	0	0	76	0	0	0	0	0	0	3	0	0	7	0	0	x
./conllu_clan/ANTOINE-16-1_03_16.20pl-ADU.tei_corpo-gsd.conllu.cex 	 LONG 	 ADU 	435	20	40;0.0	40	20	6.400000	10	7.500000	0	0	0	0	0	79	0	0	0	0	0	0	3	0	0	5	0	0	x
./conllu_clan/ANTOINE-17-1_04_19.20pl-ADU.tei_corpo-gsd.conllu.cex 	 LONG 	 ADU 	443	20	40;0.0	40	20	6.100000	7	7.285714	0	0	0	0	0	65	0	0	0	0	0	0	1	0	0	4	0	0	x
./conllu_clan/ANTOINE-18-1_05_21.20pl-ADU.tei_corpo-gsd.conllu.cex 	 LONG 	 ADU 	377	20	40;0.0	40	20	6.250000	6	7.500000	0	0	0	0	0	39	0	0	0	0	0	0	4	0	0	2	1	0	x
./conllu_clan/ANTOINE-19-1_06_22.20pl-ADU.tei_corpo-gsd.conllu.cex 	 LONG 	 ADU 	532	20	40;0.0	40	20	6.750000	11	8.000000	0	0	0	0	0	81	0	0	0	0	0	0	10	0	0	4	0	0	x
./conllu_clan/ANTOINE-20-1_07_15.20pl-ADU.tei_corpo-gsd.conllu.cex 	 LONG 	 ADU 	456	20	40;0.0	40	20	6.400000	7	7.571429	0	0	0	0	0	47	0	0	0	0	0	0	7	0	0	5	0	0	x
./conllu_clan/ANTOINE-21-1_08_05.20pl-ADU.tei_corpo-gsd.conllu.cex 	 LONG 	 ADU 	442	20	40;0.0	40	20	6.300000	6	8.000000	0	0	0	0	0	49	0	0	0	0	0	0	8	0	0	5	0	0	x
./conllu_clan/ANTOINE-22-1_09_11.20pl-ADU.tei_corpo-gsd.conllu.cex 	 LONG 	 ADU 	483	20	40;0.0	40	20	5.850000	3	7.333333	0	0	0	0	0	66	0	0	0	0	0	0	5	0	0	3	0	0	x
./conllu_clan/ANTOINE-23-1_09_27.20pl-ADU.tei_corpo-gsd.conllu.cex 	 LONG 	 ADU 	549	20	40;0.0	40	20	6.300000	6	7.500000	0	0	0	0	0	79	0	0	0	0	0	0	4	0	0	6	4	0	x
./conllu_clan/ANTOINE-24-1_10_10.20pl-ADU.tei_corpo-gsd.conllu.cex 	 LONG 	 ADU 	320	20	40;0.0	40	20	5.450000	2	7.500000	0	0	0	0	0	32	0	0	0	0	0	0	7	0	0	2	0	0	x
./conllu_clan/ANTOINE-25-1_11_04.20pl-ADU.tei_corpo-gsd.conllu.cex 	 LONG 	 ADU 	403	20	40;0.0	40	20	5.900000	8	7.250000	0	0	0	0	0	35	0	0	0	0	0	0	9	0	0	7	3	0	x
./conllu_clan/ANTOINE-26-1_11_18.20pl-ADU.tei_corpo-gsd.conllu.cex 	 LONG 	 ADU 	369	20	40;0.0	40	20	6.050000	5	8.200000	0	0	0	0	0	40	0	0	0	0	0	0	1	0	0	0	0	0	x
./conllu_clan/ANTOINE-27-2_00_01.20pl-ADU.tei_corpo-gsd.conllu.cex 	 LONG 	 ADU 	378	20	40;0.0	40	20	6.300000	7	7.857143	0	0	0	0	0	44	0	0	0	0	0	0	5	0	0	2	1	0	x
./conllu_clan/ANTOINE-28-2_00_20.20pl-ADU.tei_corpo-gsd.conllu.cex 	 LONG 	 ADU 	416	20	40;0.0	40	20	6.250000	6	7.500000	0	0	0	0	0	50	0	0	0	0	0	0	4	0	0	3	0	0	x
./conllu_clan/ANTOINE-28b-2_00_21.20pl-ADU.tei_corpo-gsd.conllu.cex 	 LONG 	 ADU 	100	20	40;0.0	40	20	3.200000	0	0	0	0	0	0	0	3	0	0	0	0	0	0	0	0	0	0	0	0	x
./conllu_clan/ANTOINE-29-2_01_13.20pl-ADU.tei_corpo-gsd.conllu.cex 	 LONG 	 ADU 	365	20	40;0.0	40	20	5.550000	2	7.000000	0	0	0	0	0	40	0	0	0	0	0	0	5	0	0	2	2	0	x
./conllu_clan/ANTOINE-30-2_01_28.20pl-ADU.tei_corpo-gsd.conllu.cex 	 LONG 	 ADU 	398	20	40;0.0	40	20	5.900000	4	7.750000	0	0	0	0	0	49	0	0	0	0	0	0	3	0	0	3	0	0	x
./conllu_clan/ANTOINE-31-2_02_12.20pl-ADU.tei_corpo-gsd.conllu.cex 	 LONG 	 ADU 	533	20	40;0.0	40	20	6.600000	9	7.333333	0	0	0	0	0	65	0	0	0	0	0	0	7	0	0	6	0	0	x
./conllu_clan/ANTOINE-32-2_02_27.20pl-ADU.tei_corpo-gsd.conllu.cex 	 LONG 	 ADU 	368	20	40;0.0	40	20	5.850000	5	7.600000	0	0	0	0	0	52	0	0	0	0	0	0	1	0	0	4	0	0	x
./conllu_clan/ANTOINE-33-2_02_28.20pl-ADU.tei_corpo-gsd.conllu.cex 	 LONG 	 ADU 	370	20	40;0.0	40	20	6.200000	6	7.666667	0	0	0	0	0	54	0	0	0	0	0	0	1	0	0	1	0	0	x
./conllu_clan/ANTOINE-34-2_03_05.20pl-ADU.tei_corpo-gsd.conllu.cex 	 LONG 	 ADU 	361	20	40;0.0	40	20	6.050000	4	7.250000	0	0	0	0	0	49	0	0	0	0	0	0	4	0	0	3	1	0	x
./conllu_clan/ANTOINE-35-2_03_15.20pl-ADU.tei_corpo-gsd.conllu.cex 	 LONG 	 ADU 	458	20	40;0.0	40	20	6.400000	9	7.333333	0	0	0	0	0	58	0	0	0	0	0	0	10	0	0	1	1	0	x
./conllu_clan/ANTOINE-36-2_04_03.20pl-ADU.tei_corpo-gsd.conllu.cex 	 LONG 	 ADU 	417	20	40;0.0	40	20	6.350000	9	7.666667	0	0	0	0	0	56	0	0	0	0	0	0	4	0	0	2	1	0	x
./conllu_clan/ANTOINE-37-2_04_25.20pl-ADU.tei_corpo-gsd.conllu.cex 	 LONG 	 ADU 	346	20	40;0.0	40	20	5.500000	3	8.000000	0	0	0	0	0	49	0	0	0	0	0	0	3	0	0	2	0	0	x
./conllu_clan/ANTOINE-38-2_05_24.20pl-ADU.tei_corpo-gsd.conllu.cex 	 LONG 	 ADU 	508	20	40;0.0	40	20	6.250000	7	7.571429	0	0	0	0	0	83	0	0	0	0	0	0	7	0	0	3	2	0	x
./conllu_clan/ANTOINE-39-2_06_24.20pl-ADU.tei_corpo-gsd.conllu.cex 	 LONG 	 ADU 	412	20	40;0.0	40	20	6.400000	8	7.875000	0	0	0	0	0	56	0	0	0	0	0	0	4	0	0	5	1	0	x
./conllu_clan/ANTOINE-40-2_07_22.20pl-ADU.tei_corpo-gsd.conllu.cex 	 LONG 	 ADU 	354	20	40;0.0	40	20	5.650000	3	7.333333	0	0	0	0	0	52	0	0	0	0	0	0	3	0	0	2	1	0	x
./conllu_clan/ANTOINE-41-2_08_20.20pl-ADU.tei_corpo-gsd.conllu.cex 	 LONG 	 ADU 	332	20	40;0.0	40	20	5.800000	5	7.800000	0	0	0	0	0	36	0	0	0	0	0	0	7	0	0	4	1	0	x
./conllu_clan/ANTOINE-42-2_09_16.20pl-ADU.tei_corpo-gsd.conllu.cex 	 LONG 	 ADU 	333	20	40;0.0	40	20	5.000000	0	0	0	0	0	0	0	43	0	0	0	0	0	0	3	0	0	2	0	0	x
./conllu_clan/ANTOINE-44-2_11_16.20pl-ADU.tei_corpo-gsd.conllu.cex 	 LONG 	 ADU 	387	20	40;0.0	40	20	6.450000	7	7.714286	0	0	0	0	0	39	0	0	0	0	0	0	3	0	0	3	1	0	x
./conllu_clan/ANTOINE-45-3_00_21.20pl-ADU.tei_corpo-gsd.conllu.cex 	 LONG 	 ADU 	412	20	40;0.0	40	20	6.200000	8	7.500000	0	0	0	0	0	55	0	0	0	0	0	0	8	0	0	0	1	0	x
./conllu_clan/ANTOINE-47-3_02_24.20pl-ADU.tei_corpo-gsd.conllu.cex 	 LONG 	 ADU 	383	20	40;0.0	40	20	6.250000	8	7.375000	0	0	0	0	0	37	0	0	0	0	0	0	9	0	0	3	1	0	x
./conllu_clan/ANTOINE-48-3_05_00.20pl-ADU.tei_corpo-gsd.conllu.cex 	 LONG 	 ADU 	421	20	40;0.0	40	20	6.500000	10	7.400000	0	0	0	0	0	61	0	0	0	0	0	0	7	0	0	4	3	0	x
./conllu_clan/ANTOINE-49-3_07_01.20pl-ADU.tei_corpo-gsd.conllu.cex 	 LONG 	 ADU 	408	20	40;0.0	40	20	6.300000	7	7.714286	0	0	0	0	0	65	0	0	0	0	0	0	7	0	0	2	4	0	x
./conllu_clan/ANTOINE-50-3_09_22.20pl-ADU.tei_corpo-gsd.conllu.cex 	 LONG 	 ADU 	410	20	40;0.0	40	20	6.500000	11	7.454545	0	0	0	0	0	57	0	0	0	0	0	0	5	0	0	3	0	0	x
./conllu_clan/ANTOINE-51-4_00_09.20pl-ADU.tei_corpo-gsd.conllu.cex 	 LONG 	 ADU 	451	20	40;0.0	40	20	6.650000	12	7.333333	0	0	0	0	0	59	0	0	0	0	0	0	1	0	0	4	0	0	x
./conllu_clan/ANTOINE-52-4_02_19.20pl-ADU.tei_corpo-gsd.conllu.cex 	 LONG 	 ADU 	419	20	40;0.0	40	20	6.500000	8	8.000000	0	0	0	0	0	54	0	0	0	0	0	0	7	0	0	0	0	0	x
./conllu_clan/ANTOINE-53-4_05_16.20pl-ADU.tei_corpo-gsd.conllu.cex 	 LONG 	 ADU 	388	20	40;0.0	40	20	6.650000	12	7.583333	0	0	0	0	0	52	0	0	0	0	0	0	7	0	0	3	0	0	x
./conllu_clan/ANTOINE-54-4_08_02.20pl-ADU.tei_corpo-gsd.conllu.cex 	 LONG 	 ADU 	558	20	40;0.0	40	20	6.450000	10	7.400000	0	0	0	0	0	75	0	0	0	0	0	0	5	0	0	6	1	0	x
./conllu_clan/ANTOINE-55-4_10_22.20pl-ADU.tei_corpo-gsd.conllu.cex 	 LONG 	 ADU 	380	20	40;0.0	40	20	6.450000	11	7.545455	0	0	0	0	0	42	0	0	0	0	0	0	3	0	0	2	0	0	x
./conllu_clan/ANTOINE-56-5_02_13.20pl-ADU.tei_corpo-gsd.conllu.cex 	 LONG 	 ADU 	381	20	40;0.0	40	20	5.850000	4	7.250000	0	0	0	0	0	36	0	0	0	0	0	0	5	0	0	1	1	0	x
./conllu_clan/ANTOINE-57-5_04_28.20pl-ADU.tei_corpo-gsd.conllu.cex 	 LONG 	 ADU 	338	20	40;0.0	40	20	5.650000	4	7.500000	0	0	0	0	0	41	0	0	0	0	0	0	5	0	0	4	0	0	x
./conllu_clan/ANTOINE-58-5_07_11.20pl-ADU.tei_corpo-gsd.conllu.cex 	 LONG 	 ADU 	508	20	40;0.0	40	20	7.050000	14	7.642857	0	0	0	0	0	52	0	0	0	0	0	0	8	0	0	3	0	0	x
./conllu_clan/ANTOINE-59-5_11_18.20pl-ADU.tei_corpo-gsd.conllu.cex 	 LONG 	 ADU 	426	20	40;0.0	40	20	6.250000	9	7.333333	0	0	0	0	0	56	0	0	0	0	0	0	6	0	0	6	0	0	x
./conllu_clan/ANTOINE-60-6_03_08.20pl-ADU.tei_corpo-gsd.conllu.cex 	 LONG 	 ADU 	355	20	40;0.0	40	20	5.950000	6	7.333333	0	0	0	0	0	42	0	0	0	0	0	0	7	0	0	3	2	0	x
./conllu_clan/JULIE-02-0_11_18.20pl-ADU.tei_corpo-gsd.conllu.cex 	 LONG 	 ADU 	271	20	40;0.0	40	20	5.900000	5	7.200000	0	0	0	0	0	26	0	0	0	0	0	0	2	0	0	1	1	0	x
./conllu_clan/JULIE-08-1_02_11.20pl-ADU.tei_corpo-gsd.conllu.cex 	 LONG 	 ADU 	337	20	40;0.0	40	20	6.500000	10	7.700000	0	0	0	0	0	41	0	0	0	0	0	0	6	0	0	1	0	0	x
./conllu_clan/JULIE-09-1_03_16.20pl-ADU.tei_corpo-gsd.conllu.cex 	 LONG 	 ADU 	340	20	40;0.0	40	20	5.800000	5	7.400000	0	0	0	0	0	42	0	0	0	0	0	0	3	0	0	0	0	0	x
./conllu_clan/JULIE-10-1_04_23.20pl-ADU.tei_corpo-gsd.conllu.cex 	 LONG 	 ADU 	316	20	40;0.0	40	20	5.950000	4	7.000000	0	0	0	0	0	37	0	0	0	0	0	0	4	0	0	6	1	0	x
./conllu_clan/JULIE-11-1_06_04.20pl-ADU.tei_corpo-gsd.conllu.cex 	 LONG 	 ADU 	428	20	40;0.0	40	20	6.750000	12	7.666667	0	0	0	0	0	50	0	0	0	0	0	0	4	0	0	2	2	0	x
./conllu_clan/JULIE-13-1_07_26.20pl-ADU.tei_corpo-gsd.conllu.cex 	 LONG 	 ADU 	358	20	40;0.0	40	20	6.200000	6	8.166667	0	0	0	0	0	40	0	0	0	0	0	0	7	0	0	0	1	0	x
./conllu_clan/JULIE-14-1_09_16.20pl-ADU.tei_corpo-gsd.conllu.cex 	 LONG 	 ADU 	292	20	40;0.0	40	20	5.150000	0	0	0	0	0	0	0	34	0	0	0	0	0	0	2	0	0	0	0	0	x
./conllu_clan/JULIE-15-1_10_14.20pl-ADU.tei_corpo-gsd.conllu.cex 	 LONG 	 ADU 	390	20	40;0.0	40	20	5.750000	5	7.400000	0	0	0	0	0	41	0	0	0	0	0	0	2	0	0	3	0	0	x
./conllu_clan/JULIE-16-1_11_11.20pl-ADU.tei_corpo-gsd.conllu.cex 	 LONG 	 ADU 	330	20	40;0.0	40	20	6.100000	7	7.571429	0	0	0	0	0	32	0	0	0	0	0	0	5	0	0	0	1	0	x
./conllu_clan/JULIE-17-2_00_10.20pl-ADU.tei_corpo-gsd.conllu.cex 	 LONG 	 ADU 	433	20	40;0.0	40	20	6.050000	8	7.250000	0	0	0	0	0	71	0	0	0	0	0	0	4	0	0	3	1	0	x
./conllu_clan/JULIE-19-2_01_23.20pl-ADU.tei_corpo-gsd.conllu.cex 	 LONG 	 ADU 	344	20	40;0.0	40	20	5.850000	5	7.200000	0	0	0	0	0	32	0	0	0	0	0	0	1	0	0	2	0	0	x
./conllu_clan/JULIE-20-2_02_16.20pl-ADU.tei_corpo-gsd.conllu.cex 	 LONG 	 ADU 	464	20	40;0.0	40	20	6.400000	10	7.100000	0	0	0	0	0	86	0	0	0	0	0	0	3	0	0	3	2	0	x
./conllu_clan/JULIE-21-2_03_08.20pl-ADU.tei_corpo-gsd.conllu.cex 	 LONG 	 ADU 	340	20	40;0.0	40	20	5.950000	5	8.200000	0	0	0	0	0	43	0	0	0	0	0	0	2	0	0	0	0	0	x
./conllu_clan/JULIE-23-2_04_24.20pl-ADU.tei_corpo-gsd.conllu.cex 	 LONG 	 ADU 	342	20	40;0.0	40	20	6.100000	5	7.600000	0	0	0	0	0	33	0	0	0	0	0	0	4	0	0	1	0	0	x
./conllu_clan/JULIE-24-2_05_21.20pl-ADU.tei_corpo-gsd.conllu.cex 	 LONG 	 ADU 	326	20	40;0.0	40	20	5.750000	5	7.200000	0	0	0	0	0	35	0	0	0	0	0	0	4	0	0	0	0	0	x
./conllu_clan/JULIE-25-2_06_22.20pl-ADU.tei_corpo-gsd.conllu.cex 	 LONG 	 ADU 	326	20	40;0.0	40	20	5.800000	5	7.400000	0	0	0	0	0	34	0	0	0	0	0	0	2	0	0	0	1	0	x
./conllu_clan/JULIE-26-2_07_29.20pl-ADU.tei_corpo-gsd.conllu.cex 	 LONG 	 ADU 	374	20	40;0.0	40	20	5.850000	5	7.000000	0	0	0	0	0	42	0	0	0	0	0	0	2	0	0	3	1	0	x
./conllu_clan/JULIE-27-2_08_27.20pl-ADU.tei_corpo-gsd.conllu.cex 	 LONG 	 ADU 	396	20	40;0.0	40	20	6.150000	8	7.500000	0	0	0	0	0	51	0	0	0	0	0	0	4	0	0	0	0	0	x
./conllu_clan/JULIE-28-2_09_24.20pl-ADU.tei_corpo-gsd.conllu.cex 	 LONG 	 ADU 	389	20	40;0.0	40	20	6.400000	7	7.857143	0	0	0	0	0	45	0	0	0	0	0	0	4	0	0	4	0	0	x
./conllu_clan/JULIE-29-2_11_01.20pl-ADU.tei_corpo-gsd.conllu.cex 	 LONG 	 ADU 	386	20	40;0.0	40	20	6.050000	5	7.800000	0	0	0	0	0	50	0	0	0	0	0	0	4	0	0	3	0	0	x
./conllu_clan/JULIE-30-3_00_30.20pl-ADU.tei_corpo-gsd.conllu.cex 	 LONG 	 ADU 	466	20	40;0.0	40	20	6.800000	10	8.000000	0	0	0	0	0	60	0	0	0	0	0	0	7	0	0	2	1	0	x
./conllu_clan/JULIE-31-3_01_06.20pl-ADU.tei_corpo-gsd.conllu.cex 	 LONG 	 ADU 	459	20	40;0.0	40	20	6.700000	8	8.375000	0	0	0	0	0	61	0	0	0	0	0	0	4	0	0	3	1	0	x
./conllu_clan/JULIE-32-3_02_03.20pl-ADU.tei_corpo-gsd.conllu.cex 	 LONG 	 ADU 	329	20	40;0.0	40	20	5.700000	5	7.000000	0	0	0	0	0	44	0	0	0	0	0	0	0	0	0	1	1	0	x
./conllu_clan/JULIE-33-3_04_21.20pl-ADU.tei_corpo-gsd.conllu.cex 	 LONG 	 ADU 	436	20	40;0.0	40	20	6.650000	7	8.714286	0	0	0	0	0	55	0	0	0	0	0	0	4	0	0	3	1	0	x
./conllu_clan/JULIE-34-3_07_19.20pl-ADU.tei_corpo-gsd.conllu.cex 	 LONG 	 ADU 	426	20	40;0.0	40	20	7.000000	10	8.200000	0	0	0	0	0	63	0	0	0	0	0	0	6	0	0	3	0	0	x
./conllu_clan/JULIE-41-4_08_29.20pl-ADU.tei_corpo-gsd.conllu.cex 	 LONG 	 ADU 	417	20	40;0.0	40	20	6.450000	9	7.666667	0	0	0	0	0	47	0	0	0	0	0	0	6	0	0	4	0	0	x
./conllu_clan/JULIE-42-5_03_19.20pl-ADU.tei_corpo-gsd.conllu.cex 	 LONG 	 ADU 	509	20	40;0.0	40	20	6.350000	9	7.555556	0	0	0	0	0	53	0	0	0	0	0	0	3	0	0	6	1	0	x
./conllu_clan/JULIE-43-5_10_07.20pl-ADU.tei_corpo-gsd.conllu.cex 	 LONG 	 ADU 	440	20	40;0.0	40	20	6.450000	8	7.500000	0	0	0	0	0	54	0	0	0	0	0	0	3	0	0	4	1	0	x
./conllu_clan/LEONARD-01-1_08_09.20pl-ADU.tei_corpo-gsd.conllu.cex 	 LONG 	 ADU 	294	20	40;0.0	40	20	5.900000	5	7.400000	0	0	0	0	0	32	0	0	0	0	0	0	5	0	0	1	1	0	x
./conllu_clan/LEONARD-02-1_10_24.20pl-ADU.tei_corpo-gsd.conllu.cex 	 LONG 	 ADU 	265	20	40;0.0	40	20	5.250000	2	8.000000	0	0	0	0	0	29	0	0	0	0	0	0	2	0	0	1	0	0	x
./conllu_clan/LEONARD-03-1_11_15.20pl-ADU.tei_corpo-gsd.conllu.cex 	 LONG 	 ADU 	274	20	40;0.0	40	20	5.600000	6	7.333333	0	0	0	0	0	28	0	0	0	0	0	0	1	0	0	4	0	0	x
./conllu_clan/LEONARD-04-2_00_08.20pl-ADU.tei_corpo-gsd.conllu.cex 	 LONG 	 ADU 	287	20	40;0.0	40	20	5.500000	2	7.000000	0	0	0	0	0	36	0	0	0	0	0	0	3	0	0	1	2	0	x
./conllu_clan/LEONARD-05-2_00_26.20pl-ADU.tei_corpo-gsd.conllu.cex 	 LONG 	 ADU 	297	20	40;0.0	40	20	5.600000	3	7.666667	0	0	0	0	0	20	0	0	0	0	0	0	5	0	0	1	0	0	x
./conllu_clan/LEONARD-06-2_01_27.20pl-ADU.tei_corpo-gsd.conllu.cex 	 LONG 	 ADU 	297	20	40;0.0	40	20	5.850000	5	7.600000	0	0	0	0	0	24	0	0	0	0	0	0	7	0	0	2	1	0	x
./conllu_clan/LEONARD-07-2_03_00.20pl-ADU.tei_corpo-gsd.conllu.cex 	 LONG 	 ADU 	355	20	40;0.0	40	20	6.300000	6	7.833333	0	0	0	0	0	48	0	0	0	0	0	0	6	0	0	1	0	0	x
./conllu_clan/LEONARD-08-2_03_26.20pl-ADU.tei_corpo-gsd.conllu.cex 	 LONG 	 ADU 	289	20	40;0.0	40	20	5.700000	3	8.000000	0	0	0	0	0	28	0	0	0	0	0	0	6	0	0	1	0	0	x
./conllu_clan/LEONARD-09-2_04_25.20pl-ADU.tei_corpo-gsd.conllu.cex 	 LONG 	 ADU 	411	20	40;0.0	40	20	6.700000	10	7.700000	0	0	0	0	0	47	0	0	0	0	0	0	4	0	0	5	0	0	x
./conllu_clan/LEONARD-10-2_06_07.20pl-ADU.tei_corpo-gsd.conllu.cex 	 LONG 	 ADU 	324	20	40;0.0	40	20	5.800000	2	7.000000	0	0	0	0	0	39	0	0	0	0	0	0	4	0	0	3	1	0	x
./conllu_clan/LEONARD-11-2_07_25.20pl-ADU.tei_corpo-gsd.conllu.cex 	 LONG 	 ADU 	314	20	40;0.0	40	20	5.400000	3	7.000000	0	0	0	0	0	36	0	0	0	0	0	0	4	0	0	1	0	0	x
./conllu_clan/LEONARD-12-2_11_03.20pl-ADU.tei_corpo-gsd.conllu.cex 	 LONG 	 ADU 	334	20	40;0.0	40	20	5.750000	4	7.500000	0	0	0	0	0	38	0	0	0	0	0	0	4	0	0	3	1	0	x
./conllu_clan/LEONARD-13-2_11_30.20pl-ADU.tei_corpo-gsd.conllu.cex 	 LONG 	 ADU 	320	20	40;0.0	40	20	5.650000	4	7.250000	0	0	0	0	0	42	0	0	0	0	0	0	6	0	0	0	0	0	x
./conllu_clan/LEONARD-14-3_02_25.20pl-ADU.tei_corpo-gsd.conllu.cex 	 LONG 	 ADU 	386	20	40;0.0	40	20	6.600000	12	7.416667	0	0	0	0	0	52	0	0	0	0	0	0	5	0	0	1	0	0	x
./conllu_clan/MADELEINE-02-1_00_05.20pl-ADU.tei_corpo-gsd.conllu.cex 	 LONG 	 ADU 	280	20	40;0.0	40	20	5.450000	4	7.000000	0	0	0	0	0	35	0	0	0	0	0	0	2	0	0	0	0	0	x
./conllu_clan/MADELEINE-03-1_01_10.20pl-ADU.tei_corpo-gsd.conllu.cex 	 LONG 	 ADU 	353	20	40;0.0	40	20	5.850000	4	7.500000	0	0	0	0	0	44	0	0	0	0	0	0	4	0	0	3	0	0	x
./conllu_clan/MADELEINE-04-1_02_14.20pl-ADU.tei_corpo-gsd.conllu.cex 	 LONG 	 ADU 	274	20	40;0.0	40	20	5.450000	4	7.000000	0	0	0	0	0	28	0	0	0	0	0	0	2	0	0	0	2	0	x
./conllu_clan/MADELEINE-05-1_02_28.20pl-ADU.tei_corpo-gsd.conllu.cex 	 LONG 	 ADU 	295	20	40;0.0	40	20	5.600000	3	7.333333	0	0	0	0	0	25	0	0	0	0	0	0	3	0	0	1	0	0	x
./conllu_clan/MADELEINE-06-1_03_18.20pl-ADU.tei_corpo-gsd.conllu.cex 	 LONG 	 ADU 	288	20	40;0.0	40	20	5.550000	2	8.000000	0	0	0	0	0	36	0	0	0	0	0	0	5	0	0	1	0	0	x
./conllu_clan/MADELEINE-07-1_04_18.20pl-ADU.tei_corpo-gsd.conllu.cex 	 LONG 	 ADU 	250	20	40;0.0	40	20	5.850000	5	7.800000	0	0	0	0	0	24	0	0	0	0	0	0	3	0	0	1	1	0	x
./conllu_clan/MADELEINE-08-1_06_04.20pl-ADU.tei_corpo-gsd.conllu.cex 	 LONG 	 ADU 	328	20	40;0.0	40	20	5.750000	6	7.333333	0	0	0	0	0	36	0	0	0	0	0	0	4	0	0	2	1	0	x
./conllu_clan/MADELEINE-09-1_07_15.20pl-ADU.tei_corpo-gsd.conllu.cex 	 LONG 	 ADU 	267	20	40;0.0	40	20	5.250000	2	7.000000	0	0	0	0	0	25	0	0	0	0	0	0	3	0	0	1	0	0	x
./conllu_clan/MADELEINE-10-1_09_03.20pl-ADU.tei_corpo-gsd.conllu.cex 	 LONG 	 ADU 	296	20	40;0.0	40	20	5.450000	2	8.000000	0	0	0	0	0	36	0	0	0	0	0	0	3	0	0	2	1	0	x
./conllu_clan/MADELEINE-11-1_10_07.20pl-ADU.tei_corpo-gsd.conllu.cex 	 LONG 	 ADU 	332	20	40;0.0	40	20	5.650000	4	7.500000	0	0	0	0	0	35	0	0	0	0	0	0	2	0	0	1	0	0	x
./conllu_clan/MADELEINE-12-1_11_13.20pl-ADU.tei_corpo-gsd.conllu.cex 	 LONG 	 ADU 	451	20	40;0.0	40	20	5.750000	5	7.200000	0	0	0	0	0	56	0	0	0	0	0	0	0	0	0	2	1	0	x
./conllu_clan/MADELEINE-13-2_01_02.20pl-ADU.tei_corpo-gsd.conllu.cex 	 LONG 	 ADU 	301	20	40;0.0	40	20	5.900000	4	8.000000	0	0	0	0	0	45	0	0	0	0	0	0	2	0	0	1	0	0	x
./conllu_clan/MADELEINE-14-2_02_06.20pl-ADU.tei_corpo-gsd.conllu.cex 	 LONG 	 ADU 	324	20	40;0.0	40	20	4.900000	0	0	0	0	0	0	0	30	0	0	0	0	0	0	2	0	0	2	0	0	x
./conllu_clan/MADELEINE-15-2_03_05.20pl-ADU.tei_corpo-gsd.conllu.cex 	 LONG 	 ADU 	310	20	40;0.0	40	20	5.550000	2	7.500000	0	0	0	0	0	27	0	0	0	0	0	0	4	0	0	4	0	0	x
./conllu_clan/MADELEINE-16-2_04_15.20pl-ADU.tei_corpo-gsd.conllu.cex 	 LONG 	 ADU 	305	20	40;0.0	40	20	5.450000	2	8.000000	0	0	0	0	0	39	0	0	0	0	0	0	2	0	0	2	0	0	x
./conllu_clan/MADELEINE-17-2_05_12.20pl-ADU.tei_corpo-gsd.conllu.cex 	 LONG 	 ADU 	267	20	40;0.0	40	20	5.100000	2	7.000000	0	0	0	0	0	27	0	0	0	0	0	0	1	0	0	0	0	0	x
./conllu_clan/MADELEINE-18-2_06_10.20pl-ADU.tei_corpo-gsd.conllu.cex 	 LONG 	 ADU 	320	20	40;0.0	40	20	5.700000	6	7.166667	0	0	0	0	0	40	0	0	0	0	0	0	2	0	0	4	0	0	x
./conllu_clan/MADELEINE-19-2_07_07.20pl-ADU.tei_corpo-gsd.conllu.cex 	 LONG 	 ADU 	289	20	40;0.0	40	20	5.450000	3	7.666667	0	0	0	0	0	39	0	0	0	0	0	0	3	0	0	1	2	0	x
./conllu_clan/MADELEINE-20-2_08_05.20pl-ADU.tei_corpo-gsd.conllu.cex 	 LONG 	 ADU 	270	20	40;0.0	40	20	5.450000	2	8.500000	0	0	0	0	0	23	0	0	0	0	0	0	3	0	0	1	0	0	x
./conllu_clan/MADELEINE-21-2_09_16.20pl-ADU.tei_corpo-gsd.conllu.cex 	 LONG 	 ADU 	281	20	40;0.0	40	20	5.600000	5	7.000000	0	0	0	0	0	28	0	0	0	0	0	0	2	0	0	2	0	0	x
./conllu_clan/MADELEINE-22-2_10_20.20pl-ADU.tei_corpo-gsd.conllu.cex 	 LONG 	 ADU 	334	20	40;0.0	40	20	5.700000	5	7.400000	0	0	0	0	0	35	0	0	0	0	0	0	4	0	0	1	0	0	x
./conllu_clan/MADELEINE-23-2_11_19.20pl-ADU.tei_corpo-gsd.conllu.cex 	 LONG 	 ADU 	351	20	40;0.0	40	20	6.150000	7	7.571429	0	0	0	0	0	43	0	0	0	0	0	0	2	0	0	2	1	0	x
./conllu_clan/MADELEINE-24-3_00_28.20pl-ADU.tei_corpo-gsd.conllu.cex 	 LONG 	 ADU 	325	20	40;0.0	40	20	6.100000	6	7.666667	0	0	0	0	0	35	0	0	0	0	0	0	2	0	0	0	0	0	x
./conllu_clan/MADELEINE-25-3_03_02.20pl-ADU.tei_corpo-gsd.conllu.cex 	 LONG 	 ADU 	308	20	40;0.0	40	20	5.350000	2	7.000000	0	0	0	0	0	36	0	0	0	0	0	0	3	0	0	1	0	0	x
./conllu_clan/MADELEINE-26-3_06_08.20pl-ADU.tei_corpo-gsd.conllu.cex 	 LONG 	 ADU 	281	20	40;0.0	40	20	5.200000	0	0	0	0	0	0	0	34	0	0	0	0	0	0	2	0	0	1	0	0	x
./conllu_clan/MADELEINE-27-3_09_07.20pl-ADU.tei_corpo-gsd.conllu.cex 	 LONG 	 ADU 	327	20	40;0.0	40	20	5.600000	4	7.500000	0	0	0	0	0	34	0	0	0	0	0	0	3	0	0	1	1	0	x
./conllu_clan/MADELEINE-28-3_09_28.20pl-ADU.tei_corpo-gsd.conllu.cex 	 LONG 	 ADU 	494	20	40;0.0	40	20	6.450000	8	8.250000	0	0	0	0	0	76	0	0	0	0	0	0	6	0	0	1	0	0	x
./conllu_clan/MADELEINE-29-4_01_27.20pl-ADU.tei_corpo-gsd.conllu.cex 	 LONG 	 ADU 	312	20	40;0.0	40	20	5.400000	3	7.000000	0	0	0	0	0	38	0	0	0	0	0	0	7	0	0	0	0	0	x
./conllu_clan/MADELEINE-30-4_07_04.20pl-ADU.tei_corpo-gsd.conllu.cex 	 LONG 	 ADU 	478	21	40;0.0	40	21	6.047619	7	7.428571	0	0	0	0	0	55	0	0	0	0	0	0	3	0	0	1	1	0	x
./conllu_clan/MADELEINE-31-4_10_03.20pl-ADU.tei_corpo-gsd.conllu.cex 	 LONG 	 ADU 	364	20	40;0.0	40	20	6.350000	8	7.875000	0	0	0	0	0	59	0	0	0	0	0	0	9	0	0	2	0	0	x
./conllu_clan/MADELEINE-32-5_01_05.20pl-ADU.tei_corpo-gsd.conllu.cex 	 LONG 	 ADU 	353	20	40;0.0	40	20	5.550000	5	7.000000	0	0	0	0	0	42	0	0	0	0	0	0	1	0	0	3	0	0	x
./conllu_clan/MADELEINE-33-5_05_08.20pl-ADU.tei_corpo-gsd.conllu.cex 	 LONG 	 ADU 	348	20	40;0.0	40	20	5.650000	3	7.666667	0	0	0	0	0	36	0	0	0	0	0	0	4	0	0	2	1	0	x
./conllu_clan/MADELEINE-34-5_10_16.20pl-ADU.tei_corpo-gsd.conllu.cex 	 LONG 	 ADU 	332	20	40;0.0	40	20	6.200000	7	7.428571	0	0	0	0	0	43	0	0	0	0	0	0	4	0	0	2	1	0	x
./conllu_clan/MADELEINE-35-6_05_14.20pl-ADU.tei_corpo-gsd.conllu.cex 	 LONG 	 ADU 	295	20	40;0.0	40	20	5.850000	6	7.166667	0	0	0	0	0	36	0	0	0	0	0	0	2	0	0	2	1	0	x
./conllu_clan/MADELEINE-36-6_11_27.20pl-ADU.tei_corpo-gsd.conllu.cex 	 LONG 	 ADU 	373	20	40;0.0	40	20	5.950000	6	7.500000	0	0	0	0	0	44	0	0	0	0	0	0	5	0	0	2	0	0	x
./conllu_clan/THEOPHILE-06-1_00_09.20pl-ADU.tei_corpo-gsd.conllu.cex 	 LONG 	 ADU 	366	20	40;0.0	40	20	6.450000	11	7.363636	0	0	0	0	0	51	0	0	0	0	0	0	7	0	0	1	2	0	x
./conllu_clan/THEOPHILE-07-1_01_14.20pl-ADU.tei_corpo-gsd.conllu.cex 	 LONG 	 ADU 	314	20	40;0.0	40	20	6.000000	5	7.800000	0	0	0	0	0	38	0	0	0	0	0	0	5	0	0	1	2	0	x
./conllu_clan/THEOPHILE-08-1_02_10.20pl-ADU.tei_corpo-gsd.conllu.cex 	 LONG 	 ADU 	302	20	40;0.0	40	20	5.700000	4	7.500000	0	0	0	0	0	28	0	0	0	0	0	0	8	0	0	0	0	0	x
./conllu_clan/THEOPHILE-09-1_03_02.20pl-ADU.tei_corpo-gsd.conllu.cex 	 LONG 	 ADU 	387	20	40;0.0	40	20	5.950000	5	7.200000	0	0	0	0	0	41	0	0	0	0	0	0	5	0	0	1	0	0	x
./conllu_clan/THEOPHILE-10-1_04_01.20pl-ADU.tei_corpo-gsd.conllu.cex 	 LONG 	 ADU 	217	20	40;0.0	40	20	5.100000	2	7.000000	0	0	0	0	0	13	0	0	0	0	0	0	1	0	0	0	0	0	x
./conllu_clan/THEOPHILE-11-1_05_05.20pl-ADU.tei_corpo-gsd.conllu.cex 	 LONG 	 ADU 	301	20	40;0.0	40	20	6.050000	8	7.000000	0	0	0	0	0	31	0	0	0	0	0	0	3	0	0	2	0	0	x
./conllu_clan/THEOPHILE-12-1_06_08.20pl-ADU.tei_corpo-gsd.conllu.cex 	 LONG 	 ADU 	319	20	40;0.0	40	20	5.950000	5	7.200000	0	0	0	0	0	37	0	0	0	0	0	0	4	0	0	4	3	0	x
./conllu_clan/THEOPHILE-13-1_07_01.20pl-ADU.tei_corpo-gsd.conllu.cex 	 LONG 	 ADU 	383	20	40;0.0	40	20	5.800000	6	7.166667	0	0	0	0	0	44	0	0	0	0	0	0	1	0	0	2	0	0	x
./conllu_clan/THEOPHILE-14-1_08_08.20pl-ADU.tei_corpo-gsd.conllu.cex 	 LONG 	 ADU 	339	20	40;0.0	40	20	5.800000	3	7.333333	0	0	0	0	0	34	0	0	0	0	0	0	4	0	0	3	0	0	x
./conllu_clan/THEOPHILE-15-1_09_06.20pl-ADU.tei_corpo-gsd.conllu.cex 	 LONG 	 ADU 	253	20	40;0.0	40	20	5.500000	3	7.666667	0	0	0	0	0	22	0	0	0	0	0	0	3	0	0	0	0	0	x
./conllu_clan/THEOPHILE-16-1_10_00.20pl-ADU.tei_corpo-gsd.conllu.cex 	 LONG 	 ADU 	272	20	40;0.0	40	20	5.850000	4	7.500000	0	0	0	0	0	34	0	0	0	0	0	0	3	0	0	1	0	0	x
./conllu_clan/THEOPHILE-17-1_11_07.20pl-ADU.tei_corpo-gsd.conllu.cex 	 LONG 	 ADU 	273	20	40;0.0	40	20	5.600000	4	7.250000	0	0	0	0	0	35	0	0	0	0	0	0	4	0	0	1	1	0	x
./conllu_clan/THEOPHILE-18-1_11_25.20pl-ADU.tei_corpo-gsd.conllu.cex 	 LONG 	 ADU 	333	20	40;0.0	40	20	5.650000	4	7.750000	0	0	0	0	0	26	0	0	0	0	0	0	4	0	0	2	1	0	x
./conllu_clan/THEOPHILE-19-2_00_20.20pl-ADU.tei_corpo-gsd.conllu.cex 	 LONG 	 ADU 	321	20	40;0.0	40	20	5.800000	3	7.000000	0	0	0	0	0	35	0	0	0	0	0	0	1	0	0	0	0	0	x
./conllu_clan/THEOPHILE-20-2_02_08.20pl-ADU.tei_corpo-gsd.conllu.cex 	 LONG 	 ADU 	381	20	40;0.0	40	20	6.300000	8	7.250000	0	0	0	0	0	46	0	0	0	0	0	0	3	0	0	1	0	0	x
./conllu_clan/THEOPHILE-21-2_03_01.20pl-ADU.tei_corpo-gsd.conllu.cex 	 LONG 	 ADU 	469	20	40;0.0	40	20	6.600000	9	8.000000	0	0	0	0	0	69	0	0	0	0	0	0	5	0	0	0	0	0	x
./conllu_clan/THEOPHILE-22-2_04_05.20pl-ADU.tei_corpo-gsd.conllu.cex 	 LONG 	 ADU 	295	20	40;0.0	40	20	5.150000	0	0	0	0	0	0	0	32	0	0	0	0	0	0	1	0	0	0	0	0	x
./conllu_clan/THEOPHILE-23-2_04_29.20pl-ADU.tei_corpo-gsd.conllu.cex 	 LONG 	 ADU 	383	20	40;0.0	40	20	6.350000	11	7.272727	0	0	0	0	0	45	0	0	0	0	0	0	9	0	0	3	0	0	x
./conllu_clan/THEOPHILE-24-2_06_03.20pl-ADU.tei_corpo-gsd.conllu.cex 	 LONG 	 ADU 	368	20	40;0.0	40	20	5.750000	4	7.250000	0	0	0	0	0	52	0	0	0	0	0	0	2	0	0	0	0	0	x
./conllu_clan/THEOPHILE-25-2_07_04.20pl-ADU.tei_corpo-gsd.conllu.cex 	 LONG 	 ADU 	396	20	40;0.0	40	20	6.300000	11	7.090909	0	0	0	0	0	47	0	0	0	0	0	0	5	0	0	1	1	0	x
./conllu_clan/THEOPHILE-26-2_07_28.20pl-ADU.tei_corpo-gsd.conllu.cex 	 LONG 	 ADU 	375	20	40;0.0	40	20	5.800000	5	7.800000	0	0	0	0	0	50	0	0	0	0	0	0	2	0	0	0	2	0	x
./conllu_clan/THEOPHILE-27-2_09_07.20pl-ADU.tei_corpo-gsd.conllu.cex 	 LONG 	 ADU 	364	20	40;0.0	40	20	5.800000	4	7.250000	0	0	0	0	0	50	0	0	0	0	0	0	2	0	0	0	0	0	x
./conllu_clan/THEOPHILE-28-2_10_01.20pl-ADU.tei_corpo-gsd.conllu.cex 	 LONG 	 ADU 	334	20	40;0.0	40	20	6.150000	8	7.875000	0	0	0	0	0	39	0	0	0	0	0	0	3	0	0	2	0	0	x
./conllu_clan/THEOPHILE-29-2_10_28.20pl-ADU.tei_corpo-gsd.conllu.cex 	 LONG 	 ADU 	331	20	40;0.0	40	20	6.000000	6	7.833333	0	0	0	0	0	48	0	0	0	0	0	0	2	0	0	0	0	0	x
./conllu_clan/THEOPHILE-30-2_11_28.20pl-ADU.tei_corpo-gsd.conllu.cex 	 LONG 	 ADU 	383	20	40;0.0	40	20	6.000000	8	7.500000	0	0	0	0	0	43	0	0	0	0	0	0	4	0	0	1	0	0	x
./conllu_clan/THEOPHILE-31-3_02_00.20pl-ADU.tei_corpo-gsd.conllu.cex 	 LONG 	 ADU 	377	20	40;0.0	40	20	6.200000	8	7.625000	0	0	0	0	0	49	0	0	0	0	0	0	5	0	0	3	1	0	x
./conllu_clan/THEOPHILE-32-3_03_02.20pl-ADU.tei_corpo-gsd.conllu.cex 	 LONG 	 ADU 	368	20	40;0.0	40	20	5.400000	3	7.666667	0	0	0	0	0	46	0	0	0	0	0	0	3	0	0	2	2	0	x
./conllu_clan/THEOPHILE-33-3_04_10.20pl-ADU.tei_corpo-gsd.conllu.cex 	 LONG 	 ADU 	447	20	40;0.0	40	20	6.450000	8	8.250000	0	0	0	0	0	67	0	0	0	0	0	0	5	0	0	3	2	0	x
./conllu_clan/THEOPHILE-34-3_05_11.20pl-ADU.tei_corpo-gsd.conllu.cex 	 LONG 	 ADU 	417	20	40;0.0	40	20	6.150000	8	7.500000	0	0	0	0	0	57	0	0	0	0	0	0	5	0	0	0	2	0	x
./conllu_clan/THEOPHILE-35-3_06_10.20pl-ADU.tei_corpo-gsd.conllu.cex 	 LONG 	 ADU 	679	20	40;0.0	40	20	6.700000	9	7.777778	0	0	0	0	0	91	0	0	0	0	0	0	3	0	0	7	3	0	x
./conllu_clan/THEOPHILE-36-3_07_08.20pl-ADU.tei_corpo-gsd.conllu.cex 	 LONG 	 ADU 	476	20	40;0.0	40	20	6.900000	12	8.000000	0	0	0	0	0	56	0	0	0	0	0	0	5	0	0	1	1	0	x
./conllu_clan/THEOPHILE-37-3_08_15.20pl-ADU.tei_corpo-gsd.conllu.cex 	 LONG 	 ADU 	385	20	40;0.0	40	20	5.950000	7	7.428571	0	0	0	0	0	47	0	0	0	0	0	0	4	0	0	1	1	0	x
./conllu_clan/THEOPHILE-38-3_10_00.20pl-ADU.tei_corpo-gsd.conllu.cex 	 LONG 	 ADU 	411	20	40;0.0	40	20	5.850000	4	7.000000	0	0	0	0	0	59	0	0	0	0	0	0	1	0	0	3	0	0	x
./conllu_clan/THEOPHILE-39-3_11_15.20pl-ADU.tei_corpo-gsd.conllu.cex 	 LONG 	 ADU 	415	20	40;0.0	40	20	6.350000	6	7.833333	0	0	0	0	0	58	0	0	0	0	0	0	6	0	0	5	1	0	x
./conllu_clan/THEOPHILE-40-4_01_24.20pl-ADU.tei_corpo-gsd.conllu.cex 	 LONG 	 ADU 	348	20	40;0.0	40	20	6.000000	7	7.428571	0	0	0	0	0	41	0	0	0	0	0	0	1	0	0	2	2	0	x
./conllu_clan/THEOPHILE-42-4_03_29.20pl-ADU.tei_corpo-gsd.conllu.cex 	 LONG 	 ADU 	501	20	40;0.0	40	20	6.850000	11	8.090909	0	0	0	0	0	67	0	0	0	0	0	0	3	0	0	2	0	0	x
./conllu_clan/THEOPHILE-43-4_06_20.20pl-ADU.tei_corpo-gsd.conllu.cex 	 LONG 	 ADU 	403	20	40;0.0	40	20	5.950000	6	7.333333	0	0	0	0	0	62	0	0	0	0	0	0	5	0	0	0	1	0	x
./conllu_clan/THEOPHILE-44-4_09_07.20pl-ADU.tei_corpo-gsd.conllu.cex 	 LONG 	 ADU 	527	20	40;0.0	40	20	6.400000	9	7.444444	0	0	0	0	0	67	0	0	0	0	0	0	3	0	0	2	1	0	x
./conllu_clan/THEOPHILE-45-4_11_11.20pl-ADU.tei_corpo-gsd.conllu.cex 	 LONG 	 ADU 	500	20	40;0.0	40	20	6.500000	9	7.333333	0	0	0	0	0	58	0	0	0	0	0	0	6	0	0	1	0	0	x
./conllu_clan/THEOPHILE-46-5_04_13.20pl-ADU.tei_corpo-gsd.conllu.cex 	 LONG 	 ADU 	518	20	40;0.0	40	20	6.750000	12	7.500000	0	0	0	0	0	77	0	0	0	0	0	0	6	0	0	6	2	0	x
./conllu_clan/THEOPHILE-47-5_09_26.20pl-ADU.tei_corpo-gsd.conllu.cex 	 LONG 	 ADU 	439	20	40;0.0	40	20	6.650000	10	7.700000	0	0	0	0	0	58	0	0	0	0	0	0	6	0	0	0	2	0	x
./conllu_clan/THEOPHILE-48-6_03_28.20pl-ADU.tei_corpo-gsd.conllu.cex 	 LONG 	 ADU 	370	20	40;0.0	40	20	5.900000	7	7.142857	0	0	0	0	0	37	0	0	0	0	0	0	8	0	0	3	2	0	x
